draw_date,winning_numbers,mega_ball,double_play_winning_numbers
2026-07-31,04 18 26 43 51,04,
2026-07-28,34 48 49 59 70,12,
2026-07-24,02 05 42 44 60,01,
2026-07-21,25 37 59 68 70,10,
2026-07-17,22 34 45 48 55,14,
2026-07-14,02 04 10 48 56,22,
2026-07-10,02 39 44 46 56,23,
2026-07-07,02 31 35 36 63,12,
2026-07-03,05 09 29 47 57,16,
2026-06-30,26 41 50 53 62,12,
2026-06-26,05 13 30 33 52,06,
2026-06-23,48 51 60 63 66,20,
2026-06-19,13 16 21 26 50,12,
2026-06-16,12 20 53 67 70,12,
2026-06-12,09 17 24 39 51,03,
2026-06-09,09 30 36 38 40,03,
2026-06-05,13 30 50 52 66,02,
2026-06-02,15 26 43 48 60,12,
2026-05-29,19 24 47 59 65,07,
2026-05-26,01 05 49 51 59,07,
2026-05-22,03 22 34 54 61,08,
2026-05-19,10 26 34 56 64,06,
2026-05-15,17 23 25 52 61,03,
2026-05-12,17 32 35 40 47,17,
2026-05-08,37 47 49 51 58,16,
2026-05-05,12 22 50 51 55,10,
2026-05-01,16 21 27 41 61,24,
2026-04-28,14 36 41 47 66,15,
2026-04-24,07 16 32 35 40,12,
2026-04-21,01 36 43 56 58,07,
2026-04-17,38 43 44 49 62,08,
2026-04-14,17 21 24 57 69,12,
2026-04-10,03 18 36 42 49,06,
2026-04-07,05 15 22 33 37,02,
2026-04-03,31 45 62 63 68,15,
2026-03-31,18 35 45 60 65,17,
2026-03-27,13 27 28 41 62,16,
2026-03-24,04 13 52 53 69,10,
2026-03-20,11 20 51 55 63,04,
2026-03-17,04 11 18 38 50,24,
2026-03-13,06 19 36 40 55,09,
2026-03-10,16 21 30 35 65,07,
2026-03-06,08 19 26 38 42,24,
2026-03-03,07 21 53 54 62,16,
2026-02-27,11 18 39 43 67,23,
2026-02-24,12 39 43 49 55,23,
2026-02-20,15 40 48 58 63,02,
2026-02-17,03 37 44 52 63,14,
2026-02-13,34 40 49 59 68,01,
2026-02-10,05 25 30 36 68,06,
2026-02-06,13 21 25 52 62,19,
2026-02-03,05 11 22 25 69,21,
2026-01-30,11 34 36 43 63,13,
2026-01-27,04 20 38 56 66,05,
2026-01-23,30 42 49 53 66,04,
2026-01-20,08 47 50 56 70,12,
2026-01-16,02 22 33 42 67,01,
2026-01-13,16 40 56 64 66,04,
2026-01-09,12 30 36 42 47,16,
2026-01-06,09 39 47 58 68,24,
2026-01-02,06 13 34 43 52,04,
2025-12-30,18 43 49 63 69,06,
2025-12-26,09 19 31 63 64,07,
2025-12-23,15 37 38 41 64,21,
2025-12-19,01 11 27 39 59,18,
2025-12-16,20 24 46 59 65,07,
2025-12-12,10 50 55 58 59,05,
2025-12-09,19 32 41 49 66,06,
2025-12-05,34 38 42 44 69,08,
2025-12-02,17 25 26 53 60,16,
2025-11-28,06 07 13 39 48,04,
2025-11-25,11 15 31 32 59,18,
2025-11-21,03 04 19 31 63,09,
2025-11-18,05 10 23 27 30,10,
2025-11-14,01 08 11 12 57,07,
2025-11-11,10 13 40 42 46,01,
2025-11-07,16 21 23 48 70,05,
2025-11-04,11 14 17 50 57,06,
2025-10-31,02 24 52 66 68,09,
2025-10-28,02 19 33 53 61,14,
2025-10-24,11 18 31 51 56,24,
2025-10-21,02 18 27 34 59,18,
2025-10-17,09 21 27 48 56,10,
2025-10-14,12 22 49 57 58,19,
2025-10-10,03 18 23 32 56,08,
2025-10-07,17 26 33 45 56,19,
2025-10-03,18 19 38 54 57,19,
2025-09-30,04 08 27 37 63,14,
2025-09-26,04 21 27 33 49,21,
2025-09-23,13 24 41 42 70,18,
2025-09-19,02 22 27 42 58,08,
2025-09-16,10 14 34 40 43,05,
2025-09-12,17 18 21 42 64,07,
2025-09-09,06 43 52 64 65,22,
2025-09-05,06 14 36 58 62,24,
2025-09-02,07 17 35 40 64,23,
2025-08-29,13 31 32 44 45,21,
2025-08-26,07 12 30 40 69,17,
2025-08-22,18 30 44 48 50,12,
2025-08-19,10 19 24 49 68,10,
2025-08-15,04 17 27 34 69,16,
2025-08-12,01 08 31 56 67,23,
2025-08-08,02 06 08 14 49,12,
2025-08-05,12 27 42 59 65,02,
2025-08-01,18 27 29 33 70,22,
2025-07-29,17 30 34 63 67,11,
2025-07-25,14 21 25 49 52,07,
2025-07-22,22 41 42 59 69,17,
2025-07-18,11 43 54 55 63,03,
2025-07-15,06 10 24 35 43,01,
2025-07-11,12 23 24 31 56,01,
2025-07-08,04 06 38 44 62,24,
2025-07-04,17 20 24 41 42,24,
2025-07-01,19 28 31 39 54,05,
2025-06-27,18 21 29 42 50,02,
2025-06-24,10 11 18 24 60,20,
2025-06-20,26 49 58 61 63,09,
2025-06-17,16 23 39 46 55,12,
2025-06-13,08 10 22 40 47,01,
2025-06-10,10 11 14 38 45,24,
2025-06-06,16 40 54 56 57,03,
2025-06-03,16 24 29 36 45,13,
2025-05-30,02 28 37 38 58,13,
2025-05-27,06 28 34 48 62,09,
2025-05-23,07 18 40 55 68,18,
2025-05-20,18 30 33 55 64,11,
2025-05-16,02 22 42 62 66,14,
2025-05-13,06 29 33 47 68,20,
2025-05-09,09 10 12 48 60,16,
2025-05-06,16 17 43 46 58,16,
2025-05-02,14 37 40 41 68,02,
2025-04-29,16 33 40 51 57,10,
2025-04-25,38 40 60 62 70,09,
2025-04-22,25 39 49 52 65,22,
2025-04-18,05 13 15 17 28,01,
2025-04-15,06 10 13 24 63,02,
2025-04-11,15 37 38 56 58,19,
2025-04-08,10 16 50 60 61,17,
2025-04-04,11 28 35 37 69,25,
2025-04-01,11 12 21 29 49,03,
2025-03-28,02 09 31 60 63,23,
2025-03-25,01 05 17 39 62,08,
2025-03-21,15 22 31 52 57,02,
2025-03-18,27 28 31 32 33,24,
2025-03-14,03 17 39 42 70,01,
2025-03-11,01 19 26 38 69,15,
2025-03-07,08 20 48 58 60,07,
2025-03-04,14 19 47 52 70,06,
2025-02-28,09 19 30 35 66,16,
2025-02-25,04 08 11 32 52,13,
2025-02-21,01 13 28 37 46,10,
2025-02-18,01 20 25 58 61,22,
2025-02-14,11 19 31 49 56,16,
2025-02-11,07 30 39 41 70,13,
2025-02-07,04 24 32 41 55,16,
2025-02-04,14 24 31 53 54,01,
2025-01-31,09 28 48 56 63,02,
2025-01-28,10 19 31 47 56,06,
2025-01-24,08 12 43 52 62,18,
2025-01-21,27 30 56 64 65,22,
2025-01-17,08 10 37 54 69,22,
2025-01-14,04 14 35 49 62,06,
2025-01-10,09 23 39 65 66,22,
2025-01-07,20 24 33 39 48,18,
2025-01-03,20 42 46 59 69,19,
2024-12-31,13 22 27 29 35,01,
2024-12-27,03 07 37 49 55,06,
2024-12-24,11 14 38 45 46,03,
2024-12-20,02 20 51 56 67,19,
2024-12-17,56 66 67 68 69,18,
2024-12-13,36 43 52 58 65,16,
2024-12-10,12 14 26 48 52,21,
2024-12-06,16 21 33 39 45,24,
2024-12-03,52 60 61 66 67,23,
2024-11-29,03 29 34 37 38,17,
2024-11-26,05 22 24 39 42,03,
2024-11-22,13 20 26 32 65,02,
2024-11-19,05 35 50 51 59,08,
2024-11-15,05 17 35 55 69,19,
2024-11-12,18 31 33 64 68,17,
2024-11-08,25 28 42 64 69,19,
2024-11-05,02 24 25 52 58,09,
2024-11-01,11 22 42 46 51,04,
2024-10-29,16 22 26 36 56,01,
2024-10-25,23 26 35 41 43,07,
2024-10-22,08 43 48 58 60,04,
2024-10-18,04 09 26 39 58,23,
2024-10-15,22 34 44 54 62,03,
2024-10-11,03 10 29 52 57,20,
2024-10-08,03 19 20 22 66,09,
2024-10-04,21 39 42 43 45,03,
2024-10-01,27 35 47 50 66,25,
2024-09-27,29 46 53 69 70,23,
2024-09-24,01 06 10 23 27,18,
2024-09-20,20 21 40 49 55,11,
2024-09-17,14 31 48 57 64,09,
2024-09-13,21 55 56 57 66,01,
2024-09-10,01 02 16 24 66,06,
2024-09-06,06 23 41 59 63,25,
2024-09-03,12 41 43 52 55,09,
2024-08-30,10 17 20 24 54,08,
2024-08-27,16 18 21 54 65,05,
2024-08-23,28 30 44 66 69,02,
2024-08-20,05 20 26 49 51,24,
2024-08-16,22 38 48 51 61,05,
2024-08-13,34 55 59 65 70,12,
2024-08-09,12 32 38 40 57,21,
2024-08-06,23 29 36 61 70,22,
2024-08-02,06 07 24 44 54,13,
2024-07-30,19 23 30 33 50,25,
2024-07-26,02 14 33 58 65,03,
2024-07-23,03 09 14 26 51,21,
2024-07-19,10 17 23 50 67,03,
2024-07-16,05 35 42 58 66,22,
2024-07-12,15 35 48 53 68,08,
2024-07-09,21 26 54 60 64,03,
2024-07-05,06 15 32 54 67,04,
2024-07-02,04 08 19 31 45,11,
2024-06-28,28 31 33 42 66,24,
2024-06-25,03 16 27 47 62,08,
2024-06-21,03 18 27 40 44,19,
2024-06-18,21 22 50 55 67,20,
2024-06-14,01 25 26 31 65,02,
2024-06-11,01 05 07 22 24,08,
2024-06-07,03 05 12 22 66,07,
2024-06-04,19 37 40 63 69,17,
2024-05-31,04 11 23 33 49,23,
2024-05-28,12 18 48 57 62,04,
2024-05-24,46 54 56 67 70,16,
2024-05-21,02 05 08 28 69,14,
2024-05-17,08 17 40 60 70,03,
2024-05-14,13 19 43 62 64,06,
2024-05-10,13 22 26 32 65,18,
2024-05-07,26 28 36 63 66,15,
2024-05-03,06 13 15 53 56,11,
2024-04-30,10 18 27 37 61,05,
2024-04-26,15 23 53 57 61,09,
2024-04-23,11 17 33 39 43,14,
2024-04-19,19 30 34 46 58,03,
2024-04-16,21 26 36 44 59,02,
2024-04-12,01 12 14 18 66,16,
2024-04-09,34 43 51 52 69,25,
2024-04-05,20 30 54 63 65,14,
2024-04-02,10 50 56 60 66,19,
2024-03-29,11 30 33 38 60,16,
2024-03-26,07 11 22 29 38,04,
2024-03-22,03 08 31 35 44,16,
2024-03-19,24 46 49 62 66,07,
2024-03-15,13 25 50 51 66,06,
2024-03-12,02 16 31 57 64,24,
2024-03-08,19 20 22 47 58,01,
2024-03-05,02 49 50 61 70,14,
2024-03-01,15 33 37 55 61,24,
2024-02-27,06 18 26 27 49,04,
2024-02-23,04 06 40 41 60,11,
2024-02-20,05 45 55 58 68,07,
2024-02-16,19 23 39 42 67,18,
2024-02-13,01 03 19 25 58,20,
2024-02-09,17 22 29 46 69,01,
2024-02-06,02 10 31 44 57,10,
2024-02-02,11 22 42 64 69,18,
2024-01-30,03 05 16 58 59,11,
2024-01-26,14 31 34 50 61,13,
2024-01-23,21 28 58 69 70,20,
2024-01-19,01 09 16 17 30,17,
2024-01-16,02 10 42 49 54,13,
2024-01-12,19 34 35 45 67,07,
2024-01-09,12 15 32 33 53,24,
2024-01-05,05 23 26 38 44,25,
2024-01-02,03 18 27 29 64,01,
2023-12-29,11 27 30 62 70,10,
2023-12-26,08 10 22 58 64,21,
2023-12-22,10 26 36 54 69,04,
2023-12-19,17 26 50 58 61,11,
2023-12-15,10 20 28 40 54,12,
2023-12-12,08 23 44 45 53,03,
2023-12-08,21 26 53 66 70,13,
2023-12-05,18 35 40 64 67,18,
2023-12-01,12 47 49 52 65,12,
2023-11-28,27 37 42 59 61,11,
2023-11-24,06 15 45 59 68,01,
2023-11-21,17 22 25 30 38,24,
2023-11-17,06 12 31 33 69,17,
2023-11-14,29 35 59 61 69,22,
2023-11-10,13 33 59 68 70,08,
2023-11-07,03 11 33 42 52,20,
2023-11-03,15 32 38 47 65,12,
2023-10-31,14 35 37 55 70,15,
2023-10-27,11 32 43 57 70,06,
2023-10-24,16 20 30 54 59,07,
2023-10-20,07 29 36 49 61,22,
2023-10-17,05 06 29 32 61,20,
2023-10-13,06 18 44 46 68,18,
2023-10-10,03 08 17 46 63,07,
2023-10-06,12 24 46 57 66,22,
2023-10-03,03 19 32 39 59,24,
2023-09-29,18 40 47 55 64,11,
2023-09-26,15 30 35 42 60,16,
2023-09-22,10 13 14 57 66,03,
2023-09-19,06 09 13 29 66,24,
2023-09-15,05 13 29 50 53,25,
2023-09-12,02 14 21 42 67,18,
2023-09-08,03 12 17 51 62,01,
2023-09-05,03 43 50 51 65,13,
2023-09-01,10 31 42 43 55,08,
2023-08-29,09 39 52 61 63,25,
2023-08-25,12 23 26 31 38,02,
2023-08-22,01 12 26 36 50,07,
2023-08-18,10 20 29 44 66,11,
2023-08-15,18 39 42 57 63,07,
2023-08-11,08 09 18 35 41,18,
2023-08-08,13 19 20 32 33,14,
2023-08-04,11 30 45 52 56,20,
2023-08-01,08 24 30 45 61,12,
2023-07-28,05 10 28 52 63,18,
2023-07-25,03 05 06 44 61,25,
2023-07-21,29 40 47 50 57,25,
2023-07-18,19 22 31 37 54,18,
2023-07-14,10 24 48 51 66,15,
2023-07-11,10 17 33 51 64,05,
2023-07-07,08 10 17 55 66,03,
2023-07-04,21 33 54 61 67,12,
2023-06-30,13 22 47 51 55,09,
2023-06-27,08 34 35 41 52,12,
2023-06-23,13 62 65 67 69,14,
2023-06-20,06 37 39 45 46,21,
2023-06-16,04 24 34 45 57,19,
2023-06-13,08 10 19 44 47,04,
2023-06-09,03 19 53 60 68,13,
2023-06-06,06 12 23 29 57,04,
2023-06-02,03 16 19 36 60,25,
2023-05-30,13 16 40 64 68,21,
2023-05-26,12 20 37 41 64,01,
2023-05-23,03 10 22 65 66,19,
2023-05-19,05 11 41 44 55,14,
2023-05-16,15 34 36 69 70,17,
2023-05-12,01 02 23 40 45,15,
2023-05-09,04 37 46 48 51,19,
2023-05-05,16 18 28 42 43,11,
2023-05-02,03 15 16 32 41,09,
2023-04-28,18 38 53 62 64,20,
2023-04-25,08 29 46 47 48,12,
2023-04-21,03 21 29 46 63,09,
2023-04-18,07 09 15 19 25,04,
2023-04-14,23 27 41 48 51,22,
2023-04-11,31 35 53 54 55,24,
2023-04-07,12 32 49 51 66,21,
2023-04-04,01 37 45 62 64,04,
2023-03-31,16 26 27 42 61,23,
2023-03-28,02 03 18 32 68,24,
2023-03-24,14 17 33 42 66,15,
2023-03-21,01 21 25 27 40,11,
2023-03-17,26 28 29 39 49,25,
2023-03-14,01 07 23 38 55,02,
2023-03-10,09 20 59 60 63,05,
2023-03-07,15 22 25 28 69,21,
2023-03-03,08 25 36 39 67,11,
2023-02-28,14 16 40 52 59,13,
2023-02-24,02 22 49 65 67,07,
2023-02-21,02 15 30 36 63,24,
2023-02-17,02 33 38 57 70,13,
2023-02-14,23 24 35 40 43,01,
2023-02-10,20 29 30 52 58,19,
2023-02-07,09 15 46 55 57,04,
2023-02-03,01 04 50 54 59,17,
2023-01-31,07 09 18 29 39,13,
2023-01-27,04 43 46 47 61,22,
2023-01-24,33 41 47 50 62,20,
2023-01-20,20 29 31 64 66,17,
2023-01-17,02 12 18 24 39,18,
2023-01-13,30 43 45 46 61,14,
2023-01-10,07 13 14 15 18,09,
2023-01-06,03 20 46 59 63,13,
2023-01-03,25 29 33 41 44,18,
2022-12-30,01 03 06 44 51,07,
2022-12-27,09 13 36 59 61,11,
2022-12-23,15 21 32 38 62,08,
2022-12-20,03 04 33 36 52,17,
2022-12-16,08 35 40 53 56,11,
2022-12-13,14 22 48 58 68,06,
2022-12-09,08 19 53 61 69,19,
2022-12-06,15 16 19 28 47,13,
2022-12-02,01 21 36 46 52,16,
2022-11-29,20 23 37 46 52,06,
2022-11-25,29 31 46 54 67,18,
2022-11-22,13 23 24 25 43,02,
2022-11-18,02 14 16 38 66,09,
2022-11-15,06 19 28 46 61,18,
2022-11-11,01 05 17 37 70,22,
2022-11-08,05 13 29 38 59,23,
2022-11-04,02 20 47 55 59,19,
2022-11-01,05 09 15 16 17,25,
2022-10-28,04 18 31 53 69,07,
2022-10-25,21 30 35 45 66,21,
2022-10-21,34 36 43 45 68,22,
2022-10-18,01 15 20 44 67,23,
2022-10-14,09 22 26 41 44,19,
2022-10-11,03 07 11 13 38,01,
2022-10-07,06 11 29 36 55,21,
2022-10-04,15 18 25 33 38,25,
2022-09-30,16 26 37 40 51,06,
2022-09-27,08 14 24 43 51,09,
2022-09-23,05 50 53 58 64,22,
2022-09-20,09 21 28 30 52,10,
2022-09-16,15 30 35 38 66,12,
2022-09-13,14 25 38 59 64,21,
2022-09-09,16 21 54 55 69,22,
2022-09-06,06 17 46 59 68,02,
2022-09-02,39 40 52 60 67,20,
2022-08-30,02 38 55 57 65,17,
2022-08-26,06 27 30 38 64,23,
2022-08-23,03 05 47 48 67,07,
2022-08-19,12 18 24 46 65,03,
2022-08-16,33 35 41 45 51,01,
2022-08-12,23 24 50 54 64,03,
2022-08-09,01 08 10 25 32,13,
2022-08-05,02 05 29 64 69,18,
2022-08-02,10 14 25 37 63,14,
2022-07-29,13 36 45 57 67,14,
2022-07-26,07 29 60 63 66,15,
2022-07-22,14 40 60 64 66,16,
2022-07-19,02 31 32 37 70,25,
2022-07-15,08 20 26 53 64,15,
2022-07-12,04 07 10 45 64,12,
2022-07-08,20 36 61 62 69,20,
2022-07-05,27 31 50 51 61,21,
2022-07-01,01 27 29 38 62,12,
2022-06-28,07 12 21 43 55,11,
2022-06-24,01 07 11 25 56,14,
2022-06-21,08 13 18 32 42,20,
2022-06-17,20 36 53 56 69,16,
2022-06-14,30 37 38 42 58,22,
2022-06-10,03 12 14 18 32,04,
2022-06-07,04 34 40 41 53,03,
2022-06-03,11 16 22 48 59,11,
2022-05-31,06 15 41 63 64,24,
2022-05-27,03 14 40 53 54,08,
2022-05-24,03 05 06 63 68,25,
2022-05-20,33 40 59 60 69,22,
2022-05-17,07 21 24 41 65,24,
2022-05-13,11 41 43 44 65,13,
2022-05-10,15 19 20 61 70,06,
2022-05-06,16 21 33 52 70,10,
2022-05-03,15 19 27 35 57,17,
2022-04-29,09 11 34 49 66,15,
2022-04-26,05 07 19 46 69,02,
2022-04-22,07 28 29 58 59,10,
2022-04-19,02 09 33 47 53,24,
2022-04-15,04 17 20 46 64,23,
2022-04-12,02 08 14 20 31,17,
2022-04-08,08 11 29 32 40,02,
2022-04-05,22 43 60 63 64,18,
2022-04-01,26 42 47 48 63,21,
2022-03-29,07 22 36 45 47,12,
2022-03-25,03 13 42 51 58,17,
2022-03-22,08 15 21 27 61,08,
2022-03-18,02 06 25 40 45,05,
2022-03-15,09 14 28 59 60,24,
2022-03-11,24 28 39 44 66,25,
2022-03-08,07 18 38 58 64,24,
2022-03-04,11 19 28 46 47,05,
2022-03-01,18 22 38 39 50,18,
2022-02-25,15 31 40 56 66,04,
2022-02-22,06 17 22 57 62,03,
2022-02-18,06 11 50 63 68,17,
2022-02-15,02 04 15 21 63,19,
2022-02-11,11 16 23 24 30,24,
2022-02-08,01 17 20 52 54,02,
2022-02-04,07 16 34 44 61,24,
2022-02-01,11 24 38 62 66,01,
2022-01-28,03 16 25 44 55,13,
2022-01-25,03 12 38 53 58,13,
2022-01-21,38 45 46 55 67,18,
2022-01-18,04 19 39 42 52,09,
2022-01-14,05 08 13 22 48,25,
2022-01-11,02 03 19 52 58,16,
2022-01-07,07 29 43 56 57,06,
2022-01-04,04 06 16 21 22,01,
2021-12-31,02 05 30 46 61,08,
2021-12-28,03 05 08 31 38,04,
2021-12-24,16 17 25 36 37,16,
2021-12-21,25 31 58 64 67,24,
2021-12-17,21 32 38 48 62,10,
2021-12-14,33 35 44 55 69,20,
2021-12-10,23 25 40 42 60,08,
2021-12-07,01 07 40 43 68,01,
2021-12-03,22 45 48 58 61,13,
2021-11-30,07 08 26 30 39,17,
2021-11-26,07 27 37 42 59,02,
2021-11-23,07 24 54 57 58,06,
2021-11-19,05 23 52 53 59,18,
2021-11-16,06 22 44 53 65,03,
2021-11-12,30 32 42 46 48,15,
2021-11-09,09 14 16 26 49,14,
2021-11-05,10 15 20 66 68,18,
2021-11-02,05 10 26 58 65,09,
2021-10-29,15 26 28 35 45,04,
2021-10-26,06 14 19 56 62,09,
2021-10-22,09 14 26 29 66,22,
2021-10-19,03 12 13 19 52,01,
2021-10-15,03 20 31 34 65,18,
2021-10-12,21 26 56 61 65,04,
2021-10-08,21 24 36 40 70,22,
2021-10-05,07 11 18 30 36,04,
2021-10-01,21 25 36 62 63,06,
2021-09-28,18 30 43 68 69,22,
2021-09-24,17 21 27 43 56,15,
2021-09-21,36 41 45 51 56,13,
2021-09-17,17 32 40 59 61,18,
2021-09-14,04 13 19 63 64,16,
2021-09-10,20 32 35 47 64,18,
2021-09-07,15 17 25 32 53,12,
2021-09-03,07 10 12 61 65,03,
2021-08-31,08 14 31 58 68,15,
2021-08-27,01 10 44 47 56,23,
2021-08-24,17 18 26 52 67,19,
2021-08-20,41 43 51 57 70,01,
2021-08-17,03 06 16 38 56,24,
2021-08-13,17 21 35 40 53,11,
2021-08-10,29 45 50 59 62,12,
2021-08-06,09 18 40 46 69,09,
2021-08-03,01 09 17 27 34,24,
2021-07-30,19 26 31 52 68,10,
2021-07-27,02 35 36 54 64,11,
2021-07-23,13 17 19 40 69,17,
2021-07-20,10 26 30 52 57,10,
2021-07-16,24 25 47 52 57,24,
2021-07-13,03 10 17 26 55,24,
2021-07-09,06 37 39 41 46,17,
2021-07-06,18 47 63 68 69,14,
2021-07-02,08 31 32 34 45,19,
2021-06-29,07 38 50 52 69,21,
2021-06-25,17 20 42 45 65,12,
2021-06-22,01 26 48 51 59,25,
2021-06-18,14 36 44 46 53,18,
2021-06-15,18 22 27 38 52,11,
2021-06-11,04 43 56 63 68,13,
2021-06-08,09 22 39 41 54,19,
2021-06-04,04 30 34 41 64,08,
2021-06-01,07 11 33 58 63,23,
2021-05-28,10 14 20 47 70,15,
2021-05-25,14 21 31 34 54,11,
2021-05-21,06 09 17 18 48,08,
2021-05-18,03 05 56 61 66,04,
2021-05-14,03 18 41 44 68,03,
2021-05-11,07 08 20 36 39,22,
2021-05-07,05 10 19 21 50,10,
2021-05-04,04 27 32 57 63,22,
2021-04-30,08 19 26 48 49,05,
2021-04-27,15 22 30 41 42,25,
2021-04-23,04 28 29 30 60,25,
2021-04-20,06 23 43 49 52,05,
2021-04-16,17 27 28 50 55,25,
2021-04-13,10 15 19 45 68,09,
2021-04-09,22 26 27 58 66,12,
2021-04-06,01 19 20 32 42,17,
2021-04-02,10 42 48 53 62,19,
2021-03-30,11 37 47 53 56,15,
2021-03-26,04 25 37 46 67,15,
2021-03-23,12 23 35 38 55,11,
2021-03-19,09 14 40 58 69,08,
2021-03-16,10 41 46 52 69,08,
2021-03-12,02 24 25 31 65,18,
2021-03-09,04 33 46 58 65,13,
2021-03-05,10 11 17 27 54,20,
2021-03-02,04 08 13 34 64,18,
2021-02-26,11 15 37 62 64,05,
2021-02-23,05 07 09 20 57,15,
2021-02-19,27 32 47 50 53,04,
2021-02-16,01 36 44 54 66,10,
2021-02-12,05 14 24 25 27,14,
2021-02-09,07 18 21 31 40,09,
2021-02-05,14 17 28 29 44,02,
2021-02-02,13 37 38 40 67,10,
2021-01-29,04 44 58 59 70,03,
2021-01-26,29 49 56 66 67,24,
2021-01-22,04 26 42 50 60,24,
2021-01-19,10 19 26 28 50,16,
2021-01-15,03 11 12 38 43,15,
2021-01-12,12 14 26 28 33,09,
2021-01-08,03 06 16 18 58,11,
2021-01-05,20 43 51 55 57,04,
2021-01-01,08 24 53 68 69,07,
2020-12-29,01 31 35 48 62,19,
2020-12-25,17 23 36 69 70,19,
2020-12-22,29 53 56 59 67,21,
2020-12-18,07 15 25 51 60,05,
2020-12-15,01 10 18 20 46,15,
2020-12-11,19 31 37 55 67,25,
2020-12-08,15 19 33 39 68,25,
2020-12-04,03 19 24 44 50,08,
2020-12-01,07 33 53 61 65,14,
2020-11-27,04 10 27 35 58,10,
2020-11-24,09 15 34 61 64,06,
2020-11-20,26 33 45 61 68,17,
2020-11-17,08 13 35 46 68,16,
2020-11-13,06 07 14 28 59,07,
2020-11-10,23 45 53 58 62,13,
2020-11-06,18 24 27 34 60,02,
2020-11-03,07 31 44 45 55,19,
2020-10-30,14 19 34 39 59,11,
2020-10-27,06 13 34 46 62,01,
2020-10-23,18 34 44 60 69,22,
2020-10-20,46 54 57 58 66,10,
2020-10-16,27 32 50 52 57,12,
2020-10-13,11 44 45 46 70,25,
2020-10-09,05 11 25 27 64,13,
2020-10-06,15 16 18 39 59,17,
2020-10-02,09 38 47 49 68,25,
2020-09-29,14 39 43 44 67,19,
2020-09-25,20 36 37 48 67,16,
2020-09-22,36 43 44 55 68,12,
2020-09-18,26 29 41 52 64,11,
2020-09-15,25 28 38 59 62,22,
2020-09-11,03 15 42 48 56,13,
2020-09-08,07 10 15 31 57,21,
2020-09-04,19 22 24 28 53,25,
2020-09-01,15 25 26 38 47,22,
2020-08-28,03 09 50 53 64,1,
2020-08-25,08 10 15 17 57,12,
2020-08-21,11 15 31 42 63,14,
2020-08-18,04 18 26 27 58,23,
2020-08-14,03 24 29 42 47,13,
2020-08-11,08 22 29 43 56,9,
2020-08-07,04 44 53 64 70,3,
2020-08-04,02 22 30 42 62,20,
2020-07-31,12 35 46 48 69,23,
2020-07-28,17 20 27 31 34,19,
2020-07-24,08 33 39 54 58,17,
2020-07-21,14 25 26 41 43,15,
2020-07-17,12 13 21 46 57,21,
2020-07-14,06 26 55 56 64,22,
2020-07-10,10 15 20 49 53,22,
2020-07-07,16 20 25 30 43,18,
2020-07-03,20 40 44 45 50,24,
2020-06-30,09 16 29 37 53,11,
2020-06-26,19 33 37 56 57,6,
2020-06-23,06 20 37 40 48,15,
2020-06-19,11 34 36 52 66,7,
2020-06-16,21 23 33 35 42,6,
2020-06-12,09 14 57 67 70,2,
2020-06-09,01 05 09 10 23,22,
2020-06-05,32 35 37 47 55,22,
2020-06-02,09 20 23 26 29,8,
2020-05-29,10 13 32 41 51,3,
2020-05-26,34 52 58 59 62,4,
2020-05-22,08 10 20 44 46,18,
2020-05-19,08 19 25 36 66,9,
2020-05-15,11 17 32 33 46,25,
2020-05-12,07 16 27 44 52,5,
2020-05-08,05 20 22 61 70,4,
2020-05-05,07 13 17 21 45,14,
2020-05-01,28 30 31 35 66,14,
2020-04-28,13 19 53 54 63,17,
2020-04-24,01 27 32 60 67,18,
2020-04-21,13 15 24 67 70,17,
2020-04-17,13 35 39 46 55,14,
2020-04-14,29 47 65 69 70,7,
2020-04-10,02 11 21 57 60,13,
2020-04-07,25 33 43 51 68,20,
2020-04-03,24 38 44 57 58,17,
2020-03-31,08 17 51 57 70,2,
2020-03-27,03 25 28 50 60,1,
2020-03-24,02 08 16 18 31,14,
2020-03-20,34 35 41 45 54,5,
2020-03-17,20 27 28 58 59,25,
2020-03-13,07 22 37 43 44,22,
2020-03-10,06 17 48 54 69,12,
2020-03-06,15 48 56 58 70,4,
2020-03-03,08 12 33 56 64,2,
2020-02-28,02 03 14 41 64,17,
2020-02-25,02 09 43 49 63,15,
2020-02-21,04 07 13 16 60,6,
2020-02-18,06 12 39 61 70,4,
2020-02-14,10 32 48 54 55,18,
2020-02-11,04 06 32 52 64,6,
2020-02-07,09 14 27 36 52,4,
2020-02-04,32 48 50 51 64,10,
2020-01-31,28 31 33 57 62,19,
2020-01-28,17 36 47 51 62,21,
2020-01-24,03 04 18 23 38,24,
2020-01-21,16 18 29 31 37,8,
2020-01-17,03 25 30 54 70,9,
2020-01-14,09 11 13 31 47,11,
2020-01-10,17 27 49 51 66,2,
2020-01-07,25 40 41 52 56,21,
2020-01-03,37 41 42 53 63,16,
2019-12-31,30 44 49 53 56,11,
2019-12-27,17 34 40 63 64,24,
2019-12-24,27 37 48 63 66,11,
2019-12-20,03 20 23 35 60,16,
2019-12-17,22 30 53 55 56,16,
2019-12-13,17 21 29 39 56,22,
2019-12-10,18 31 46 54 61,25,
2019-12-06,20 31 40 46 61,20,
2019-12-03,23 43 60 63 69,19,
2019-11-29,06 08 31 50 65,9,
2019-11-26,08 27 29 38 43,13,
2019-11-22,07 12 17 49 53,24,
2019-11-19,22 43 44 47 66,22,
2019-11-15,12 19 34 35 68,20,
2019-11-12,19 30 44 56 65,24,
2019-11-08,03 04 10 39 58,14,
2019-11-05,02 09 24 49 54,19,
2019-11-01,09 20 36 41 54,22,
2019-10-29,04 09 17 27 39,22,
2019-10-25,16 24 25 52 60,6,
2019-10-22,05 11 14 23 25,10,
2019-10-18,18 58 60 65 67,20,
2019-10-15,04 12 14 35 70,2,
2019-10-11,14 22 30 37 60,8,
2019-10-08,05 08 10 17 48,23,
2019-10-04,11 38 44 48 70,17,
2019-10-01,10 17 39 42 59,3,
2019-09-27,12 20 31 43 45,20,
2019-09-24,06 14 24 42 46,9,
2019-09-20,23 24 42 48 53,22,
2019-09-17,12 15 30 50 65,1,
2019-09-13,06 16 37 59 62,5,
2019-09-10,34 47 48 50 55,24,
2019-09-06,04 11 13 19 31,10,
2019-09-03,13 20 27 61 62,5,
2019-08-30,03 09 11 34 39,10,
2019-08-27,08 12 23 39 43,6,
2019-08-23,11 15 37 54 68,21,
2019-08-20,08 14 25 51 63,4,
2019-08-16,04 14 24 26 46,14,
2019-08-13,07 27 31 34 51,5,
2019-08-09,15 53 56 59 63,1,
2019-08-06,11 17 31 43 55,16,
2019-08-02,11 20 26 48 70,19,
2019-07-30,10 24 28 33 38,6,
2019-07-26,04 06 11 43 48,11,
2019-07-23,01 04 23 40 45,11,
2019-07-19,16 18 28 33 67,14,
2019-07-16,08 16 31 48 52,23,
2019-07-12,08 25 38 56 59,7,
2019-07-09,12 26 40 48 64,1,
2019-07-05,06 38 47 57 63,12,
2019-07-02,03 25 37 40 55,13,
2019-06-28,02 35 49 53 63,1,
2019-06-25,24 33 45 47 61,17,
2019-06-21,13 30 36 48 62,18,
2019-06-18,12 14 22 24 48,21,
2019-06-14,19 40 47 57 65,6,
2019-06-11,20 34 39 43 57,13,
2019-06-07,17 19 27 40 68,2,
2019-06-04,25 37 46 48 68,25,
2019-05-31,07 08 26 65 67,4,
2019-05-28,09 21 34 42 50,21,
2019-05-24,14 41 44 56 62,10,
2019-05-21,10 50 55 56 58,15,
2019-05-17,05 17 28 32 63,11,
2019-05-14,11 59 66 67 68,18,
2019-05-10,03 16 21 61 62,19,
2019-05-07,03 06 34 54 63,19,
2019-05-03,08 16 22 66 68,11,
2019-04-30,24 37 41 61 70,20,
2019-04-26,09 17 23 30 46,10,
2019-04-23,07 24 30 48 67,9,
2019-04-19,18 25 43 44 57,25,
2019-04-16,11 29 34 48 54,10,
2019-04-12,01 24 25 40 70,4,
2019-04-09,11 22 34 44 58,9,
2019-04-05,08 22 24 38 64,21,
2019-04-02,33 47 58 59 64,25,
2019-03-29,05 14 15 62 66,3,
2019-03-26,04 14 22 43 58,9,
2019-03-22,07 36 58 60 62,10,
2019-03-19,10 42 53 67 68,15,
2019-03-15,03 29 56 62 64,4,
2019-03-12,10 12 16 49 57,18,
2019-03-08,04 09 42 62 68,7,
2019-03-05,15 20 32 37 52,6,
2019-03-01,29 33 39 60 66,21,
2019-02-26,10 12 14 24 60,20,
2019-02-22,18 24 31 34 55,4,
2019-02-19,17 24 34 56 65,3,
2019-02-15,10 38 40 43 65,12,
2019-02-12,15 32 39 50 65,7,
2019-02-08,14 24 31 42 48,13,
2019-02-05,03 34 36 59 66,7,
2019-02-01,02 37 48 66 68,11,
2019-01-29,10 33 53 54 62,22,
2019-01-25,08 16 30 38 61,10,
2019-01-22,04 15 37 59 64,16,
2019-01-18,02 43 48 62 64,24,
2019-01-15,29 52 58 60 62,7,
2019-01-11,04 05 31 62 69,20,
2019-01-08,13 26 29 38 64,5,
2019-01-04,21 29 35 54 60,15,
2019-01-01,34 44 57 62 70,14,
2018-12-28,09 10 25 37 38,21,
2018-12-25,02 08 42 43 50,6,
2018-12-21,10 13 61 62 70,5,
2018-12-18,13 22 32 60 69,9,
2018-12-14,05 22 26 43 49,23,
2018-12-11,04 38 39 54 59,12,
2018-12-07,04 10 20 33 57,13,
2018-12-04,28 31 41 42 50,4,
2018-11-30,25 28 40 43 63,19,
2018-11-27,12 24 37 42 57,18,
2018-11-23,07 10 30 33 59,23,
2018-11-20,10 16 31 42 66,10,
2018-11-16,33 36 63 68 69,16,
2018-11-13,34 46 57 65 69,11,
2018-11-09,08 14 27 57 67,5,
2018-11-06,28 34 37 56 69,12,
2018-11-02,03 23 28 46 62,16,
2018-10-30,20 31 39 46 49,23,
2018-10-26,01 28 61 62 63,5,
2018-10-23,05 28 62 65 70,5,
2018-10-19,15 23 53 65 70,7,
2018-10-16,03 45 49 61 69,9,
2018-10-12,04 24 46 61 70,7,
2018-10-09,20 22 39 54 60,18,
2018-10-05,27 28 32 41 69,12,
2018-10-02,02 22 29 31 34,1,
2018-09-28,39 45 52 56 59,15,
2018-09-25,08 16 32 48 61,12,
2018-09-21,01 02 11 52 64,9,
2018-09-18,31 32 43 63 68,17,
2018-09-14,23 30 40 43 66,13,
2018-09-11,15 30 51 62 67,19,
2018-09-07,08 10 41 54 68,10,
2018-09-04,02 07 25 35 44,3,
2018-08-31,07 18 29 32 45,17,
2018-08-28,03 20 33 34 41,20,
2018-08-24,01 06 13 18 49,8,
2018-08-21,14 16 19 38 57,11,
2018-08-17,01 31 32 47 56,3,
2018-08-14,11 26 44 45 46,11,
2018-08-10,01 03 12 22 42,6,
2018-08-07,02 13 15 21 62,2,
2018-08-03,09 28 30 54 60,2,
2018-07-31,12 15 35 64 69,9,
2018-07-27,01 32 40 49 63,20,
2018-07-24,01 02 04 19 29,20,
2018-07-20,01 14 30 44 62,1,
2018-07-17,40 41 61 66 67,12,
2018-07-13,21 22 39 59 68,2,
2018-07-10,01 17 28 56 70,14,
2018-07-06,02 10 46 50 56,16,
2018-07-03,13 35 45 49 68,23,
2018-06-29,02 32 47 49 68,23,
2018-06-26,17 25 29 39 60,19,
2018-06-22,02 06 11 27 44,20,
2018-06-19,11 13 28 65 70,14,
2018-06-15,01 11 37 47 51,6,
2018-06-12,01 03 05 08 70,3,
2018-06-08,14 30 33 44 56,13,
2018-06-05,22 33 41 48 52,4,
2018-06-01,05 24 52 62 66,17,
2018-05-29,02 11 55 58 67,2,
2018-05-25,11 14 51 64 68,25,
2018-05-22,16 17 21 36 48,9,
2018-05-18,09 26 53 64 66,11,
2018-05-15,21 34 44 49 61,21,
2018-05-11,14 38 40 53 70,22,
2018-05-08,08 15 39 64 67,13,
2018-05-04,04 05 10 12 18,21,
2018-05-01,02 07 20 55 70,1,
2018-04-27,02 29 38 63 66,11,
2018-04-24,03 19 31 32 48,10,
2018-04-20,01 15 18 32 45,4,
2018-04-17,12 34 44 47 65,22,
2018-04-13,08 09 32 42 59,10,
2018-04-10,05 13 31 43 53,20,
2018-04-06,16 33 51 54 67,20,
2018-04-03,04 29 39 42 62,14,
2018-03-30,11 28 31 46 59,1,
2018-03-27,07 25 43 56 59,13,
2018-03-23,04 08 23 53 59,17,
2018-03-20,14 38 51 64 70,9,
2018-03-16,01 13 26 33 52,11,
2018-03-13,06 30 58 60 61,17,
2018-03-09,07 17 18 46 66,22,
2018-03-06,01 04 26 35 39,22,
2018-03-02,24 28 42 60 64,8,
2018-02-27,10 17 21 38 43,23,
2018-02-23,07 11 13 19 58,9,
2018-02-20,17 19 23 24 43,14,
2018-02-16,14 38 48 53 58,16,
2018-02-13,05 12 15 46 49,1,
2018-02-09,28 34 41 46 47,14,
2018-02-06,14 17 25 48 58,25,
2018-02-02,01 04 14 17 40,4,
2018-01-30,29 41 42 49 57,24,
2018-01-26,10 16 27 38 43,1,
2018-01-23,02 06 30 31 55,7,
2018-01-19,03 17 23 49 66,23,
2018-01-16,03 11 23 29 59,18,
2018-01-12,17 18 33 46 60,24,
2018-01-09,16 29 31 65 67,23,
2018-01-05,28 30 39 59 70,10,
2018-01-02,01 42 47 64 70,22,
2017-12-29,04 10 18 28 62,7,
2017-12-26,10 12 20 38 41,25,
2017-12-22,01 20 30 33 42,16,
2017-12-19,28 37 39 42 58,2,
2017-12-15,04 12 36 44 57,19,
2017-12-12,08 23 24 25 27,9,
2017-12-08,06 37 46 60 70,24,
2017-12-05,14 15 37 42 67,22,
2017-12-01,16 22 40 41 59,8,
2017-11-28,10 17 47 51 61,5,
2017-11-24,16 36 54 61 64,22,
2017-11-21,03 07 22 27 50,3,
2017-11-17,03 26 55 58 70,15,
2017-11-14,01 14 21 22 28,19,
2017-11-10,06 23 38 42 58,24,
2017-11-07,01 54 60 68 69,11,
2017-11-03,10 22 42 61 69,3,
2017-10-31,06 28 31 52 53,12,
2017-10-27,17 27 41 51 52,13,
2017-10-24,20 24 34 56 64,6,
2017-10-20,06 23 63 66 73,9,
2017-10-17,31 45 49 56 70,11,
2017-10-13,02 07 18 26 31,12,
2017-10-10,07 16 24 61 62,2,
2017-10-06,21 33 36 45 56,12,
2017-10-03,12 18 19 25 67,7,
2017-09-29,25 51 62 73 74,7,
2017-09-26,01 10 57 66 75,4,
2017-09-22,05 39 54 63 66,15,
2017-09-19,09 28 31 50 61,10,
2017-09-15,18 24 34 38 58,3,
2017-09-12,26 37 41 54 65,3,
2017-09-08,04 05 14 26 73,14,
2017-09-05,11 17 59 70 72,1,
2017-09-01,04 13 31 50 64,12,
2017-08-29,02 13 17 35 73,3,
2017-08-25,17 38 42 51 65,11,
2017-08-22,24 35 46 50 51,7,
2017-08-18,01 31 34 40 75,6,
2017-08-15,07 16 20 66 73,7,
2017-08-11,23 33 53 56 58,6,
2017-08-08,11 17 50 52 74,14,
2017-08-04,09 17 25 63 71,4,
2017-08-01,20 22 52 57 73,7,
2017-07-28,04 06 31 49 52,11,
2017-07-25,02 05 26 58 60,6,
2017-07-21,18 31 36 50 74,10,
2017-07-18,08 12 23 51 73,6,
2017-07-14,11 12 24 32 73,1,
2017-07-11,07 18 24 55 74,10,
2017-07-07,02 09 11 28 60,10,
2017-07-04,16 39 47 53 71,15,
2017-06-30,10 38 51 55 64,6,
2017-06-27,04 21 45 52 57,14,
2017-06-23,12 20 53 66 74,11,
2017-06-20,02 15 41 49 63,3,
2017-06-16,18 22 26 30 44,9,
2017-06-13,27 51 62 68 75,8,
2017-06-09,03 16 28 33 37,9,
2017-06-06,03 05 16 49 75,5,
2017-06-02,07 42 57 69 72,10,
2017-05-30,05 20 32 37 67,5,
2017-05-26,25 26 28 37 56,5,
2017-05-23,06 13 17 33 60,14,
2017-05-19,01 04 05 24 30,1,
2017-05-16,04 35 39 56 72,11,
2017-05-12,28 34 41 42 47,13,
2017-05-09,06 29 45 69 73,11,
2017-05-05,04 23 33 47 53,7,
2017-05-02,05 14 42 43 58,1,
2017-04-28,06 13 18 20 31,13,
2017-04-25,03 13 33 40 50,2,
2017-04-21,01 12 13 32 34,10,
2017-04-18,08 29 30 43 64,6,
2017-04-14,05 10 55 60 73,12,
2017-04-11,19 34 35 38 49,8,
2017-04-07,30 33 43 47 69,15,
2017-04-04,13 24 34 35 55,9,
2017-03-31,17 24 27 32 58,10,
2017-03-28,30 33 35 37 46,10,
2017-03-24,05 28 37 61 69,1,
2017-03-21,04 45 53 73 75,7,
2017-03-17,11 27 31 58 60,10,
2017-03-14,16 23 28 33 59,13,
2017-03-10,26 38 42 58 70,5,
2017-03-07,03 30 45 53 68,11,
2017-03-03,14 26 39 48 51,9,
2017-02-28,20 33 45 58 69,4,
2017-02-24,12 29 33 42 68,14,
2017-02-21,09 21 30 32 75,9,
2017-02-17,04 56 58 67 75,8,
2017-02-14,07 11 33 60 68,15,
2017-02-10,32 39 51 62 75,14,
2017-02-07,23 28 37 56 71,12,
2017-02-03,03 06 29 30 64,3,
2017-01-31,03 14 27 62 72,4,
2017-01-27,17 37 53 54 61,8,
2017-01-24,08 42 54 63 67,11,
2017-01-20,07 09 24 41 53,14,
2017-01-17,20 31 54 56 59,3,
2017-01-13,10 44 58 74 75,11,
2017-01-10,11 20 40 41 59,15,
2017-01-06,06 10 44 47 54,6,
2017-01-03,14 16 23 49 53,12,
2016-12-30,06 21 33 39 43,2,
2016-12-27,02 28 30 38 39,11,
2016-12-23,21 30 39 60 69,15,
2016-12-20,01 12 14 48 65,2,
2016-12-16,01 08 15 36 43,6,
2016-12-13,02 15 26 34 41,14,
2016-12-09,19 27 47 67 68,1,
2016-12-06,13 34 48 53 63,12,
2016-12-02,03 33 35 49 51,1,
2016-11-29,22 33 49 51 59,8,
2016-11-25,44 47 49 69 75,10,
2016-11-22,01 43 45 66 69,7,
2016-11-18,31 32 49 55 58,15,
2016-11-15,09 17 23 57 71,6,
2016-11-11,16 40 47 53 59,11,
2016-11-08,46 48 53 61 74,12,
2016-11-04,10 29 32 44 46,10,
2016-11-01,19 24 31 39 45,13,
2016-10-28,07 38 46 57 66,2,
2016-10-25,08 09 24 49 67,13,
2016-10-21,12 43 44 48 66,3,
2016-10-18,07 24 28 65 74,1,
2016-10-14,07 27 60 64 74,5,
2016-10-11,36 39 42 45 48,3,
2016-10-07,24 37 42 50 65,14,
2016-10-04,18 29 30 54 66,1,
2016-09-30,21 30 47 50 57,9,
2016-09-27,14 16 26 53 72,4,
2016-09-23,01 05 08 25 62,14,
2016-09-20,02 22 34 62 72,2,
2016-09-16,13 21 28 34 40,15,
2016-09-13,06 15 17 39 56,15,
2016-09-09,01 34 43 44 63,11,
2016-09-06,25 37 58 69 75,8,
2016-09-02,22 28 41 46 60,3,
2016-08-30,28 32 41 51 71,11,
2016-08-26,10 11 31 41 44,14,
2016-08-23,02 07 46 61 66,1,
2016-08-19,22 37 45 65 73,13,
2016-08-16,02 43 52 62 63,6,
2016-08-12,04 41 44 56 69,10,
2016-08-09,12 19 20 44 66,1,
2016-08-05,05 18 28 54 74,6,
2016-08-02,03 12 36 54 70,12,
2016-07-29,11 16 19 31 48,4,
2016-07-26,01 04 31 36 54,9,
2016-07-22,08 24 25 26 30,7,
2016-07-19,03 34 54 65 66,4,
2016-07-15,16 51 52 56 58,4,
2016-07-12,06 08 22 46 68,4,
2016-07-08,08 19 20 55 73,5,
2016-07-05,29 46 53 64 73,10,
2016-07-01,20 41 42 45 49,14,
2016-06-28,15 17 20 35 55,7,
2016-06-24,11 14 54 57 63,11,
2016-06-21,06 13 21 49 50,10,
2016-06-17,20 23 30 44 59,9,
2016-06-14,36 37 38 52 62,6,
2016-06-10,34 61 66 67 68,7,
2016-06-07,25 48 51 65 72,4,
2016-06-03,32 54 65 66 71,10,
2016-05-31,09 31 34 41 49,8,
2016-05-27,18 41 50 68 70,9,
2016-05-24,11 50 51 70 75,15,
2016-05-20,19 24 26 40 68,8,
2016-05-17,17 24 27 48 75,6,
2016-05-13,20 21 38 54 66,7,
2016-05-10,12 22 46 56 74,4,
2016-05-06,14 26 27 32 36,7,
2016-05-03,28 29 33 36 45,15,
2016-04-29,05 06 37 55 74,10,
2016-04-26,14 16 17 28 48,2,
2016-04-22,02 19 21 42 60,13,
2016-04-19,09 28 40 57 65,2,
2016-04-15,09 10 34 37 73,9,
2016-04-12,07 11 59 62 63,3,
2016-04-08,31 38 52 65 71,15,
2016-04-05,13 45 52 53 57,10,
2016-04-01,25 28 33 41 69,6,
2016-03-29,33 38 40 46 49,15,
2016-03-25,04 11 12 35 46,12,
2016-03-22,06 19 34 38 70,5,
2016-03-18,05 08 57 59 73,13,
2016-03-15,18 26 30 44 68,7,
2016-03-11,14 18 48 54 71,13,
2016-03-08,27 37 54 66 69,5,
2016-03-04,21 26 33 48 73,14,
2016-03-01,01 29 33 34 55,6,
2016-02-26,03 15 19 62 74,14,
2016-02-23,16 32 39 53 57,10,
2016-02-19,02 27 41 50 75,4,
2016-02-16,09 31 33 46 64,4,
2016-02-12,01 07 44 68 73,1,
2016-02-09,03 42 46 56 71,13,
2016-02-05,04 06 23 55 75,2,
2016-02-02,07 13 25 51 70,9,
2016-01-29,20 28 49 51 52,6,
2016-01-26,14 27 39 50 69,2,
2016-01-22,21 25 40 46 56,3,
2016-01-19,02 17 31 39 47,9,
2016-01-15,29 41 53 54 70,12,
2016-01-12,15 27 29 31 48,15,
2016-01-08,11 39 51 57 75,2,
2016-01-05,01 04 36 48 57,13,
2016-01-01,07 18 37 38 39,9,
2015-12-29,20 25 55 62 74,7,
2015-12-25,15 25 29 44 51,4,
2015-12-22,11 21 40 50 70,15,
2015-12-18,06 23 24 28 62,7,
2015-12-15,18 25 47 51 61,5,
2015-12-11,14 20 43 54 69,5,
2015-12-08,07 17 37 49 73,15,
2015-12-04,26 42 47 61 73,6,
2015-12-01,05 07 25 50 59,12,
2015-11-27,16 20 39 56 59,12,
2015-11-24,02 19 30 38 70,8,
2015-11-20,09 12 29 37 67,15,
2015-11-17,12 14 18 24 61,10,
2015-11-13,17 18 31 35 59,9,
2015-11-10,08 17 20 45 71,4,
2015-11-06,10 31 35 50 72,8,
2015-11-03,16 29 44 69 74,12,
2015-10-30,17 41 51 53 56,15,
2015-10-27,09 26 27 29 74,4,
2015-10-23,25 32 37 45 70,1,
2015-10-20,06 25 35 38 52,4,
2015-10-16,02 38 48 61 68,4,
2015-10-13,07 09 24 38 52,1,
2015-10-09,08 09 21 63 75,14,
2015-10-06,17 58 63 64 66,13,
2015-10-02,04 14 29 31 47,9,
2015-09-29,08 21 30 61 62,9,
2015-09-25,03 08 38 51 64,4,
2015-09-22,28 30 38 45 51,8,
2015-09-18,17 34 35 51 65,7,
2015-09-15,07 20 35 49 56,9,
2015-09-11,05 11 31 50 67,14,
2015-09-08,19 20 36 41 46,7,
2015-09-04,17 21 39 52 57,5,
2015-09-01,02 05 35 40 54,13,
2015-08-28,13 35 40 60 68,9,
2015-08-25,05 44 54 59 63,1,
2015-08-21,13 15 21 41 72,1,
2015-08-18,02 07 33 39 53,9,
2015-08-14,12 15 20 52 71,3,
2015-08-11,03 08 29 57 68,8,
2015-08-07,01 38 53 63 66,10,
2015-08-04,02 19 44 51 57,14,
2015-07-31,28 32 33 40 46,10,
2015-07-28,08 35 61 68 75,15,
2015-07-24,10 12 26 60 62,13,
2015-07-21,20 30 62 65 74,1,
2015-07-17,06 17 30 31 41,15,
2015-07-14,19 24 30 35 72,5,
2015-07-10,24 27 45 51 54,8,
2015-07-07,06 15 16 28 49,14,
2015-07-03,33 50 64 71 72,9,
2015-06-30,11 17 34 43 50,15,
2015-06-26,12 23 33 47 50,3,
2015-06-23,06 13 38 56 70,2,
2015-06-19,04 35 36 52 68,8,
2015-06-16,08 19 26 56 67,14,
2015-06-12,01 40 42 56 62,2,
2015-06-09,06 16 17 25 36,7,
2015-06-05,07 22 27 41 49,10,
2015-06-02,02 09 11 22 23,12,
2015-05-29,20 27 38 49 66,2,
2015-05-26,01 39 52 69 72,12,
2015-05-22,03 14 15 25 48,8,
2015-05-19,10 12 21 29 65,10,
2015-05-15,11 17 21 36 74,15,
2015-05-12,14 30 33 36 44,2,
2015-05-08,09 21 25 66 72,7,
2015-05-05,11 21 42 62 71,7,
2015-05-01,17 18 61 66 74,3,
2015-04-28,22 27 55 58 63,11,
2015-04-24,24 25 29 47 67,4,
2015-04-21,31 33 35 41 69,11,
2015-04-17,15 18 29 41 50,5,
2015-04-14,03 07 25 68 71,3,
2015-04-10,06 11 32 46 68,9,
2015-04-07,05 15 22 26 64,6,
2015-04-03,10 36 47 63 74,2,
2015-03-31,08 26 41 61 73,11,
2015-03-27,17 21 36 58 70,3,
2015-03-24,02 23 32 45 55,12,
2015-03-20,07 50 54 61 75,7,
2015-03-17,11 27 44 45 58,3,
2015-03-13,08 22 30 42 45,3,
2015-03-10,10 14 19 30 73,14,
2015-03-06,30 48 55 68 73,5,
2015-03-03,09 11 42 44 50,3,
2015-02-27,07 49 53 60 64,4,
2015-02-24,15 23 26 45 66,4,
2015-02-20,02 06 08 52 66,13,
2015-02-17,06 45 50 65 66,1,
2015-02-13,04 20 44 65 74,14,
2015-02-10,07 42 53 58 71,15,
2015-02-06,05 06 17 33 68,13,
2015-02-03,11 22 25 58 69,13,
2015-01-30,18 31 39 45 55,6,
2015-01-27,05 26 27 44 57,7,
2015-01-23,14 15 32 68 72,8,
2015-01-20,31 35 56 59 63,6,
2015-01-16,26 32 44 45 58,11,
2015-01-13,12 20 25 50 51,7,
2015-01-09,37 49 50 56 57,8,
2015-01-06,12 20 27 38 75,4,
2015-01-02,13 15 35 62 74,12,
2014-12-30,03 07 44 63 67,12,
2014-12-26,02 05 10 20 38,14,
2014-12-23,04 10 31 56 66,7,
2014-12-19,14 18 58 59 68,4,
2014-12-16,41 58 68 72 73,1,
2014-12-12,02 31 46 58 65,7,
2014-12-09,27 45 49 51 52,14,
2014-12-05,04 05 11 51 59,5,
2014-12-02,13 18 22 49 62,11,
2014-11-28,08 26 29 36 47,10,
2014-11-25,10 11 29 47 56,4,
2014-11-21,03 12 35 37 63,15,
2014-11-18,37 39 53 68 75,6,
2014-11-14,03 49 61 62 68,15,
2014-11-11,23 25 28 30 75,11,
2014-11-07,31 35 41 65 66,5,
2014-11-04,09 15 24 39 41,1,
2014-10-31,11 29 36 58 67,15,
2014-10-28,03 50 57 58 60,11,
2014-10-24,02 14 21 28 55,3,
2014-10-21,05 35 37 41 66,11,
2014-10-17,21 31 43 56 60,12,
2014-10-14,11 37 46 64 68,15,
2014-10-10,02 32 35 50 59,3,
2014-10-07,16 29 46 48 55,2,
2014-10-03,03 20 34 58 67,6,
2014-09-30,03 16 52 54 61,6,
2014-09-26,17 26 35 46 62,9,
2014-09-23,21 24 25 40 43,12,
2014-09-19,16 25 27 29 34,2,
2014-09-16,25 45 51 53 73,2,
2014-09-12,18 28 33 36 42,7,
2014-09-09,25 34 55 70 71,1,
2014-09-05,07 12 20 24 59,7,
2014-09-02,01 08 54 69 72,1,
2014-08-29,03 26 45 58 73,12,
2014-08-26,29 31 51 60 64,1,
2014-08-22,05 31 34 41 74,3,
2014-08-19,22 39 56 67 71,15,
2014-08-15,16 19 28 29 68,9,
2014-08-12,32 53 60 63 68,6,
2014-08-08,09 16 61 70 75,7,
2014-08-05,25 28 36 45 53,6,
2014-08-01,13 29 34 37 72,6,
2014-07-29,02 08 16 43 74,1,
2014-07-25,22 29 33 41 68,12,
2014-07-22,14 18 22 31 47,15,
2014-07-18,05 08 59 65 72,3,
2014-07-15,02 04 17 36 40,5,
2014-07-11,09 13 30 35 69,10,
2014-07-08,14 25 27 48 49,9,
2014-07-04,16 33 39 58 69,2,
2014-07-01,09 22 38 47 49,15,
2014-06-27,15 29 31 46 64,10,
2014-06-24,13 17 24 47 65,10,
2014-06-20,01 22 25 29 56,3,
2014-06-17,10 14 24 47 60,3,
2014-06-13,07 38 46 49 56,1,
2014-06-10,02 10 24 26 74,7,
2014-06-06,12 29 37 49 72,9,
2014-06-03,19 28 62 66 74,6,
2014-05-30,10 13 42 43 62,2,
2014-05-27,01 06 10 46 58,13,
2014-05-23,12 14 21 38 70,15,
2014-05-20,10 40 63 64 69,7,
2014-05-16,13 14 16 50 56,11,
2014-05-13,37 46 48 70 74,1,
2014-05-09,10 28 39 51 59,14,
2014-05-06,18 20 27 48 51,5,
2014-05-02,01 18 26 35 40,13,
2014-04-29,07 43 59 61 66,3,
2014-04-25,03 11 18 20 66,9,
2014-04-22,02 18 19 49 50,1,
2014-04-18,18 25 38 45 63,9,
2014-04-15,04 39 46 47 70,13,
2014-04-11,03 42 44 47 57,8,
2014-04-08,35 36 41 60 71,3,
2014-04-04,01 10 15 41 54,9,
2014-04-01,10 23 68 74 75,9,
2014-03-28,02 03 09 50 73,12,
2014-03-25,19 26 51 57 73,15,
2014-03-21,02 23 30 35 53,10,
2014-03-18,11 19 24 33 51,7,
2014-03-14,07 20 40 54 69,12,
2014-03-11,09 14 56 57 69,10,
2014-03-07,11 13 51 57 69,1,
2014-03-04,10 29 31 35 45,10,
2014-02-28,03 31 50 58 59,6,
2014-02-25,12 18 25 35 66,15,
2014-02-21,23 29 32 45 46,15,
2014-02-18,23 29 31 37 70,14,
2014-02-14,20 28 35 71 72,7,
2014-02-11,43 64 67 71 73,4,
2014-02-07,11 21 23 35 64,10,
2014-02-04,25 44 49 60 73,9,
2014-01-31,03 09 13 47 52,8,
2014-01-28,07 16 28 53 60,2,
2014-01-24,22 45 46 47 65,10,
2014-01-21,08 23 33 45 52,4,
2014-01-17,01 10 26 31 51,11,
2014-01-14,04 23 26 62 69,13,
2014-01-10,08 28 36 37 57,8,
2014-01-07,13 34 56 62 64,6,
2014-01-03,22 24 25 40 70,5,
2013-12-31,08 12 34 52 58,8,
2013-12-27,04 15 35 48 49,11,
2013-12-24,23 34 53 58 73,2,
2013-12-20,03 04 31 49 57,6,
2013-12-17,08 14 17 20 39,7,
2013-12-13,19 24 26 27 70,12,
2013-12-10,05 12 22 41 65,13,
2013-12-06,11 29 44 63 64,3,
2013-12-03,07 12 41 44 59,3,
2013-11-29,09 41 43 47 57,5,
2013-11-26,27 44 59 74 75,3,
2013-11-22,17 23 35 36 44,8,
2013-11-19,14 15 29 49 63,2,
2013-11-15,25 44 49 54 63,8,
2013-11-12,20 30 32 42 71,15,
2013-11-08,41 42 51 57 65,7,
2013-11-05,02 11 42 64 74,2,
2013-11-01,32 35 49 62 67,1,
2013-10-29,20 33 50 53 54,7,
2013-10-25,06 16 45 54 60,15,
2013-10-22,02 03 19 52 71,14,
2013-10-15,04 23 30 43 50,11,
2013-10-11,03 27 37 45 48,46,
2013-10-08,06 15 19 23 40,5,
2013-10-04,04 16 24 25 44,5,
2013-10-01,07 10 30 37 53,1,
2013-09-27,09 23 27 49 51,38,
2013-09-24,04 11 32 39 40,33,
2013-09-20,01 15 20 21 47,34,
2013-09-17,06 15 27 31 39,25,
2013-09-13,09 22 28 48 54,8,
2013-09-10,02 12 18 54 56,1,
2013-09-06,02 16 17 22 41,31,
2013-09-03,04 13 14 28 41,28,
2013-08-30,06 19 24 43 44,33,
2013-08-27,04 07 30 36 38,38,
2013-08-23,01 09 17 20 53,14,
2013-08-20,13 28 35 38 41,33,
2013-08-16,07 13 26 36 46,37,
2013-08-13,02 31 32 37 41,40,
2013-08-09,11 20 30 34 38,12,
2013-08-06,01 11 16 51 55,41,
2013-08-02,08 21 23 25 39,4,
2013-07-30,25 27 36 42 44,39,
2013-07-26,04 22 23 27 38,42,
2013-07-23,25 32 35 50 51,46,
2013-07-19,16 20 24 39 42,46,
2013-07-16,10 14 21 40 53,20,
2013-07-12,04 05 25 27 51,10,
2013-07-09,03 21 43 45 48,14,
2013-07-05,02 23 41 47 54,42,
2013-07-02,36 42 51 52 53,40,
2013-06-28,08 15 35 46 52,38,
2013-06-25,03 05 28 33 51,16,
2013-06-21,03 14 17 40 50,3,
2013-06-18,06 17 34 40 48,30,
2013-06-14,02 05 31 33 34,20,
2013-06-11,15 40 45 50 53,28,
2013-06-07,01 10 37 48 55,21,
2013-06-04,10 11 12 20 55,19,
2013-05-31,02 20 26 44 46,26,
2013-05-28,04 12 25 32 54,36,
2013-05-24,04 05 16 18 53,28,
2013-05-21,02 15 17 48 55,11,
2013-05-17,11 15 35 43 49,41,
2013-05-14,06 10 12 28 32,38,
2013-05-10,01 19 20 39 49,28,
2013-05-07,01 06 13 20 51,31,
2013-05-03,02 20 34 42 54,39,
2013-04-30,21 30 34 39 49,43,
2013-04-26,17 42 49 54 55,31,
2013-04-23,09 21 22 32 50,10,
2013-04-19,06 08 12 22 43,28,
2013-04-16,02 05 15 18 39,42,
2013-04-12,01 10 13 19 21,28,
2013-04-09,17 30 41 48 54,13,
2013-04-05,08 15 23 36 41,5,
2013-04-02,07 10 14 40 47,34,
2013-03-29,25 31 36 46 53,21,
2013-03-26,20 33 46 49 51,46,
2013-03-22,14 27 34 37 41,38,
2013-03-19,03 06 14 21 37,35,
2013-03-15,04 08 17 22 32,8,
2013-03-12,09 12 19 20 30,39,
2013-03-08,04 11 25 34 35,44,
2013-03-05,06 20 39 41 46,42,
2013-03-01,17 30 38 43 51,20,
2013-02-26,06 07 13 15 43,7,
2013-02-22,09 13 24 38 49,30,
2013-02-19,01 15 19 30 56,28,
2013-02-15,11 35 41 42 44,42,
2013-02-12,09 22 32 38 55,44,
2013-02-08,06 15 20 39 50,5,
2013-02-05,02 05 10 26 44,46,
2013-02-01,01 30 32 40 41,17,
2013-01-29,08 12 27 46 47,6,
2013-01-25,11 12 17 31 48,1,
2013-01-22,07 11 16 39 54,13,
2013-01-18,08 18 25 42 49,14,
2013-01-15,01 06 12 19 41,14,
2013-01-11,24 29 30 34 56,1,
2013-01-08,03 20 21 38 42,19,
2013-01-04,01 02 23 25 55,39,
2013-01-01,04 11 21 25 44,29,
2012-12-28,10 13 32 40 41,32,
2012-12-25,02 03 18 34 48,36,
2012-12-21,03 18 32 41 56,19,
2012-12-18,01 06 07 18 29,16,
2012-12-14,11 28 33 41 43,41,
2012-12-11,39 44 51 52 54,13,
2012-12-07,07 43 44 51 56,4,
2012-12-04,03 19 24 32 43,44,
2012-11-30,11 22 24 28 31,46,
2012-11-27,05 12 26 42 49,24,
2012-11-23,08 37 44 47 48,27,
2012-11-20,09 13 22 38 52,44,
2012-11-16,05 24 26 29 53,36,
2012-11-13,06 12 31 46 56,34,
2012-11-09,18 22 33 35 40,11,
2012-11-06,03 05 13 32 35,6,
2012-11-02,04 18 22 38 44,24,
2012-10-30,05 12 18 29 56,38,
2012-10-26,04 15 24 36 40,44,
2012-10-23,01 17 42 46 55,1,
2012-10-19,14 34 36 48 53,42,
2012-10-16,13 37 40 46 52,29,
2012-10-12,06 10 24 26 42,15,
2012-10-09,06 15 16 22 37,3,
2012-10-05,08 09 16 32 39,15,
2012-10-02,10 11 20 42 55,9,
2012-09-28,06 08 14 43 56,28,
2012-09-25,07 08 23 50 51,26,
2012-09-21,03 13 14 46 55,34,
2012-09-18,05 09 22 36 49,36,
2012-09-14,16 17 21 40 51,20,
2012-09-11,05 11 20 33 36,11,
2012-09-07,15 32 38 42 46,31,
2012-09-04,16 32 39 41 53,16,
2012-08-31,31 40 41 47 48,45,
2012-08-28,04 09 40 45 50,39,
2012-08-24,25 34 45 46 49,34,
2012-08-21,05 13 20 23 33,30,
2012-08-17,08 20 24 35 56,24,
2012-08-14,15 23 34 39 55,32,
2012-08-10,10 18 36 38 44,8,
2012-08-07,30 32 33 42 48,7,
2012-08-03,02 10 13 38 46,2,
2012-07-31,05 18 21 29 41,37,
2012-07-27,02 03 04 08 43,26,
2012-07-24,05 09 38 46 51,5,
2012-07-20,02 44 48 50 52,3,
2012-07-17,01 13 21 49 55,17,
2012-07-13,06 07 13 24 46,34,
2012-07-10,03 11 19 23 36,21,
2012-07-06,20 23 28 35 39,21,
2012-07-03,03 04 24 36 52,45,
2012-06-29,28 34 39 45 53,34,
2012-06-26,03 16 23 35 36,20,
2012-06-22,10 16 19 32 36,13,
2012-06-19,11 21 27 30 53,11,
2012-06-15,08 12 18 30 40,4,
2012-06-12,02 09 17 34 50,45,
2012-06-08,04 09 34 40 48,25,
2012-06-05,37 39 42 53 55,22,
2012-06-01,02 27 38 46 52,45,
2012-05-29,02 14 29 53 55,31,
2012-05-25,09 15 21 40 54,11,
2012-05-22,10 14 35 43 52,16,
2012-05-18,03 11 22 34 49,1,
2012-05-15,10 11 12 14 24,6,
2012-05-11,03 15 29 35 54,8,
2012-05-08,02 06 08 18 51,19,
2012-05-04,04 11 21 42 53,38,
2012-05-01,24 27 31 45 52,38,
2012-04-27,02 05 45 46 47,37,
2012-04-24,03 09 15 37 38,39,
2012-04-20,14 23 26 33 35,40,
2012-04-17,01 16 24 32 48,2,
2012-04-13,09 14 17 36 42,33,
2012-04-10,02 06 12 31 48,25,
2012-04-06,02 19 20 24 33,39,
2012-04-03,11 35 38 41 52,40,
2012-03-30,02 04 23 38 46,23,
2012-03-27,09 19 34 44 51,24,
2012-03-23,06 17 19 20 21,20,
2012-03-20,01 04 06 11 14,30,
2012-03-16,28 29 43 51 53,7,
2012-03-13,02 08 30 36 48,31,
2012-03-09,09 10 27 36 42,11,
2012-03-06,20 24 31 33 36,44,
2012-03-02,16 29 48 52 54,5,
2012-02-28,06 15 29 39 51,36,
2012-02-24,01 16 18 25 27,3,
2012-02-21,09 30 39 42 47,37,
2012-02-17,16 25 28 32 40,3,
2012-02-14,03 05 10 26 27,27,
2012-02-10,03 04 18 29 50,20,
2012-02-07,17 23 30 37 45,4,
2012-02-03,07 19 21 49 53,35,
2012-01-31,09 17 18 28 43,9,
2012-01-27,03 05 30 36 48,23,
2012-01-24,10 22 24 36 49,33,
2012-01-20,01 09 28 38 47,8,
2012-01-17,03 15 31 36 53,27,
2012-01-13,10 27 28 37 51,19,
2012-01-10,04 10 16 38 48,34,
2012-01-06,09 17 28 34 48,46,
2012-01-03,02 03 15 22 36,23,
2011-12-30,04 24 45 46 52,1,
2011-12-27,23 32 33 39 43,8,
2011-12-23,03 05 08 18 29,14,
2011-12-20,20 24 27 45 51,31,
2011-12-16,02 04 26 36 39,27,
2011-12-13,05 06 22 26 41,6,
2011-12-09,04 12 29 49 51,44,
2011-12-06,07 21 29 35 49,39,
2011-12-02,24 30 48 51 56,45,
2011-11-29,17 29 43 48 52,36,
2011-11-25,22 28 42 49 54,43,
2011-11-22,04 16 23 33 48,38,
2011-11-18,04 13 33 39 55,3,
2011-11-15,03 06 24 30 33,21,
2011-11-11,02 16 22 29 50,27,
2011-11-08,05 31 45 47 54,4,
2011-11-04,26 30 32 33 44,1,
2011-11-01,27 31 39 40 46,36,
2011-10-28,13 31 49 52 56,41,
2011-10-25,13 33 40 44 46,8,
2011-10-21,06 21 35 37 38,17,
2011-10-18,24 25 45 47 53,42,
2011-10-14,13 35 42 45 54,26,
2011-10-11,25 34 38 44 56,27,
2011-10-07,05 15 19 23 38,19,
2011-10-04,03 26 40 45 52,11,
2011-09-30,03 19 21 44 45,29,
2011-09-27,02 20 28 36 45,37,
2011-09-23,27 31 32 40 52,36,
2011-09-20,06 29 38 50 51,39,
2011-09-16,06 23 41 45 56,24,
2011-09-13,22 31 43 48 56,45,
2011-09-09,07 12 19 23 31,45,
2011-09-06,01 36 38 42 49,19,
2011-09-02,25 44 48 49 55,20,
2011-08-30,02 22 25 28 50,18,
2011-08-26,02 03 27 30 47,36,
2011-08-23,11 21 44 48 49,23,
2011-08-19,05 15 53 54 56,22,
2011-08-16,04 38 41 42 43,44,
2011-08-12,09 43 51 54 55,13,
2011-08-09,11 19 39 45 54,15,
2011-08-05,06 24 28 33 42,19,
2011-08-02,14 17 19 20 32,28,
2011-07-29,08 10 22 47 48,35,
2011-07-26,20 25 35 52 55,10,
2011-07-22,23 31 32 39 56,38,
2011-07-19,02 09 10 16 35,40,
2011-07-15,16 29 30 46 56,6,
2011-07-12,03 09 11 44 49,9,
2011-07-08,01 02 22 37 50,45,
2011-07-05,01 10 13 18 46,19,
2011-07-01,12 17 30 35 47,26,
2011-06-28,12 17 27 47 48,33,
2011-06-24,10 14 40 49 51,4,
2011-06-21,11 24 25 31 46,17,
2011-06-17,12 29 46 47 51,24,
2011-06-14,09 10 20 51 53,24,
2011-06-10,18 21 27 37 38,7,
2011-06-07,29 32 35 47 52,13,
2011-06-03,20 23 41 49 53,31,
2011-05-31,28 30 31 37 55,13,
2011-05-27,05 07 14 28 56,10,
2011-05-24,09 12 21 42 43,42,
2011-05-20,10 17 19 45 48,30,
2011-05-17,01 02 17 25 48,45,
2011-05-13,03 33 39 47 53,9,
2011-05-10,11 16 34 40 51,34,
2011-05-06,06 18 26 37 41,9,
2011-05-03,01 16 29 36 50,16,
2011-04-29,09 10 11 33 51,29,
2011-04-26,19 29 32 38 55,15,
2011-04-22,03 18 46 51 53,17,
2011-04-19,20 24 32 45 51,43,
2011-04-15,22 23 33 39 48,29,
2011-04-12,10 23 39 41 45,15,
2011-04-08,06 40 45 50 56,11,
2011-04-05,01 19 20 31 36,9,
2011-04-01,13 14 35 36 53,19,
2011-03-29,06 15 23 34 38,43,
2011-03-25,22 24 31 52 54,4,
2011-03-22,01 14 35 50 53,43,
2011-03-18,14 33 34 54 56,37,
2011-03-15,10 11 12 28 43,45,
2011-03-11,14 19 21 42 45,6,
2011-03-08,03 17 19 41 55,24,
2011-03-04,08 10 15 23 41,7,
2011-03-01,01 12 19 20 47,25,
2011-02-25,04 05 17 19 50,7,
2011-02-22,15 22 23 48 55,31,
2011-02-18,05 06 07 30 45,42,
2011-02-15,17 18 24 35 39,18,
2011-02-11,08 09 17 32 34,13,
2011-02-08,25 35 36 47 48,18,
2011-02-04,06 20 29 48 55,6,
2011-02-01,16 22 23 26 35,31,
2011-01-28,14 33 48 49 50,18,
2011-01-25,05 08 31 46 50,4,
2011-01-21,05 09 21 35 38,20,
2011-01-18,04 27 29 38 45,5,
2011-01-14,02 15 17 33 35,8,
2011-01-11,01 04 11 16 45,37,
2011-01-07,04 22 42 46 53,20,
2011-01-04,04 08 15 25 47,42,
2010-12-31,10 12 13 35 56,9,
2010-12-28,06 18 36 40 49,7,
2010-12-24,15 16 27 40 52,16,
2010-12-21,08 11 12 31 32,29,
2010-12-17,11 20 26 46 53,12,
2010-12-14,18 22 25 31 38,29,
2010-12-10,23 27 33 44 46,36,
2010-12-07,04 38 45 53 54,9,
2010-12-03,06 11 12 18 56,12,
2010-11-30,11 16 19 47 53,2,
2010-11-26,05 09 34 43 47,8,
2010-11-23,02 06 12 34 35,33,
2010-11-19,07 14 31 51 54,35,
2010-11-16,01 26 27 39 46,21,
2010-11-12,09 26 28 35 38,10,
2010-11-09,08 26 28 33 53,11,
2010-11-05,19 25 34 46 53,15,
2010-11-02,01 03 12 16 54,46,
2010-10-29,04 19 26 28 39,14,
2010-10-26,15 21 30 31 32,26,
2010-10-22,02 07 18 32 53,18,
2010-10-19,02 09 14 37 42,41,
2010-10-15,09 10 13 31 50,10,
2010-10-12,10 31 36 37 43,15,
2010-10-08,24 29 37 48 50,19,
2010-10-05,10 19 24 37 44,27,
2010-10-01,03 08 21 28 52,43,
2010-09-28,02 10 13 36 38,18,
2010-09-24,02 28 38 42 55,25,
2010-09-21,03 20 43 47 52,26,
2010-09-17,03 04 14 18 27,13,
2010-09-14,06 14 50 55 56,1,
2010-09-10,11 12 17 21 23,20,
2010-09-07,08 18 22 24 38,23,
2010-09-03,10 13 20 28 36,9,
2010-08-31,10 20 29 47 48,38,
2010-08-27,04 10 26 32 41,31,
2010-08-24,04 23 24 28 32,31,
2010-08-20,04 13 20 29 48,36,
2010-08-17,11 19 40 43 44,33,
2010-08-13,06 17 24 43 55,36,
2010-08-10,02 14 26 50 56,12,
2010-08-06,07 13 30 33 54,30,
2010-08-03,04 13 20 22 56,32,
2010-07-30,11 30 40 48 52,42,
2010-07-27,02 07 10 16 29,8,
2010-07-23,16 19 39 44 49,26,
2010-07-20,12 18 28 36 43,19,
2010-07-16,02 15 18 20 39,34,
2010-07-13,07 11 14 15 34,14,
2010-07-09,01 31 33 34 50,41,
2010-07-06,08 18 45 47 50,36,
2010-07-02,01 10 12 32 36,25,
2010-06-29,03 04 15 27 37,35,
2010-06-25,01 02 13 19 27,21,
2010-06-22,12 17 21 23 30,24,
2010-06-18,11 36 37 41 55,7,
2010-06-15,04 12 13 21 27,46,
2010-06-11,06 13 33 34 42,25,
2010-06-08,12 18 28 48 54,6,
2010-06-04,12 13 15 17 50,23,
2010-06-01,12 27 44 45 51,30,
2010-05-28,03 11 20 29 39,26,
2010-05-25,05 14 17 19 24,25,
2010-05-21,15 20 23 26 30,17,
2010-05-18,11 13 19 37 40,26,
2010-05-14,20 21 40 47 56,12,
2010-05-11,26 33 43 46 54,9,
2010-05-07,02 07 20 34 50,40,
2010-05-04,09 21 31 36 43,8,
2010-04-30,14 20 41 47 53,40,
2010-04-27,23 37 41 50 55,6,
2010-04-23,19 26 28 37 52,18,
2010-04-20,05 08 10 34 42,25,
2010-04-16,10 16 31 48 50,44,
2010-04-13,03 12 27 39 47,32,
2010-04-09,15 18 39 48 53,3,
2010-04-06,16 43 44 52 56,26,
2010-04-02,02 17 22 30 31,19,
2010-03-30,01 11 24 38 44,41,
2010-03-26,23 41 46 47 52,22,
2010-03-23,03 25 28 29 40,13,
2010-03-19,10 31 45 50 54,25,
2010-03-16,03 22 48 52 56,13,
2010-03-12,02 15 25 48 53,41,
2010-03-09,14 16 18 19 29,16,
2010-03-05,11 31 34 44 52,32,
2010-03-02,09 12 47 48 56,25,
2010-02-26,04 14 29 54 56,40,
2010-02-23,04 16 36 40 53,18,
2010-02-19,01 22 39 42 46,36,
2010-02-16,11 12 21 29 45,5,
2010-02-12,14 16 17 33 47,23,
2010-02-09,02 17 20 26 48,12,
2010-02-05,10 20 45 51 53,41,
2010-02-02,06 07 26 27 49,9,
2010-01-29,01 10 22 23 38,19,
2010-01-26,07 08 38 39 48,22,
2010-01-22,08 13 27 28 52,9,
2010-01-19,04 05 34 38 41,18,
2010-01-15,04 07 19 21 38,29,
2010-01-12,05 09 31 37 56,16,
2010-01-08,18 20 31 36 43,33,
2010-01-05,13 28 39 50 55,10,
2010-01-01,06 08 27 40 41,21,
2009-12-29,02 05 29 35 51,3,
2009-12-22,03 33 35 39 45,13,
2009-12-18,10 20 30 44 49,24,
2009-12-15,27 31 32 36 47,35,
2009-12-11,02 21 27 34 44,45,
2009-12-08,20 23 28 30 46,29,
2009-12-04,04 33 41 51 56,38,
2009-12-01,17 30 39 52 53,21,
2009-11-27,12 25 37 39 45,11,
2009-11-24,10 11 35 37 50,12,
2009-11-20,03 04 07 16 56,39,
2009-11-17,08 22 27 49 50,28,
2009-11-13,27 43 45 49 54,44,
2009-11-10,08 21 29 34 37,15,
2009-11-06,07 11 27 40 46,8,
2009-11-03,05 18 23 31 38,20,
2009-10-30,04 15 17 29 38,20,
2009-10-27,07 13 37 46 51,2,
2009-10-23,27 45 48 54 56,2,
2009-10-20,13 17 25 45 55,8,
2009-10-16,10 13 18 33 51,43,
2009-10-13,17 31 34 45 51,24,
2009-10-09,03 14 21 24 51,14,
2009-10-06,09 33 51 53 56,39,
2009-10-02,15 24 51 53 55,11,
2009-09-29,02 21 25 45 50,21,
2009-09-25,07 27 42 49 52,19,
2009-09-22,26 29 33 39 46,24,
2009-09-18,18 27 31 36 52,33,
2009-09-15,29 30 32 35 41,39,
2009-09-11,16 27 48 49 54,2,
2009-09-08,04 10 18 28 50,35,
2009-09-04,02 04 06 21 44,37,
2009-09-01,02 09 28 51 53,19,
2009-08-28,01 17 31 37 54,31,
2009-08-25,03 12 19 22 40,2,
2009-08-21,09 38 44 48 49,13,
2009-08-18,04 05 26 37 56,25,
2009-08-14,08 22 25 33 35,46,
2009-08-11,06 12 15 32 42,40,
2009-08-07,07 18 35 45 56,3,
2009-08-04,01 28 34 42 50,27,
2009-07-31,17 35 44 52 56,22,
2009-07-28,04 17 24 25 48,34,
2009-07-24,03 06 43 51 52,36,
2009-07-21,03 08 21 50 52,2,
2009-07-17,08 17 40 47 50,13,
2009-07-14,20 29 35 45 53,41,
2009-07-10,05 10 26 27 28,4,
2009-07-07,25 27 35 38 39,28,
2009-07-03,05 06 07 11 25,31,
2009-06-30,07 34 49 54 55,34,
2009-06-26,11 15 17 29 46,16,
2009-06-23,12 14 16 31 50,9,
2009-06-19,04 09 12 16 46,44,
2009-06-16,09 15 21 26 45,25,
2009-06-12,06 11 20 32 44,38,
2009-06-09,05 17 31 36 56,46,
2009-06-05,05 20 38 41 52,20,
2009-06-02,09 13 26 30 35,33,
2009-05-29,23 30 36 39 48,34,
2009-05-26,09 18 21 37 55,33,
2009-05-22,03 29 34 42 49,29,
2009-05-19,02 04 09 15 42,13,
2009-05-15,07 12 24 36 48,27,
2009-05-12,04 08 10 14 51,31,
2009-05-08,12 27 29 32 34,34,
2009-05-05,05 23 38 39 54,3,
2009-05-01,09 16 24 40 43,35,
2009-04-28,15 20 24 36 44,6,
2009-04-24,09 20 21 48 49,7,
2009-04-21,05 24 37 47 52,6,
2009-04-17,05 13 26 35 45,32,
2009-04-14,04 11 22 48 50,42,
2009-04-10,18 25 36 42 51,22,
2009-04-07,02 04 13 17 36,15,
2009-04-03,16 22 38 39 48,42,
2009-03-31,14 39 47 48 53,29,
2009-03-27,10 15 24 38 50,19,
2009-03-24,04 25 34 43 44,45,
2009-03-20,15 16 20 39 40,26,
2009-03-17,09 15 24 28 31,17,
2009-03-13,10 12 26 46 50,23,
2009-03-10,02 27 31 39 40,23,
2009-03-06,11 18 37 46 55,45,
2009-03-03,26 32 35 43 52,10,
2009-02-27,24 37 44 50 56,35,
2009-02-24,01 27 28 35 40,6,
2009-02-20,21 28 41 45 55,24,
2009-02-17,01 09 23 27 33,24,
2009-02-13,25 36 37 40 51,20,
2009-02-10,18 29 38 43 47,7,
2009-02-06,02 12 18 28 31,3,
2009-02-03,04 15 29 43 56,29,
2009-01-30,13 16 19 53 55,2,
2009-01-27,03 11 12 14 21,25,
2009-01-23,02 17 20 27 28,7,
2009-01-20,01 09 10 35 46,9,
2009-01-16,02 04 21 39 51,29,
2009-01-13,22 25 33 36 48,40,
2009-01-09,23 25 30 45 50,8,
2009-01-06,03 11 12 19 33,30,
2009-01-02,02 11 19 21 34,38,
2008-12-30,01 22 29 44 52,39,
2008-12-26,06 19 29 33 37,31,
2008-12-23,01 08 13 27 41,45,
2008-12-19,03 13 16 39 54,32,
2008-12-16,10 14 16 29 40,6,
2008-12-12,10 16 19 27 48,25,
2008-12-09,11 12 26 31 33,27,
2008-12-05,21 27 46 52 55,14,
2008-12-02,02 17 22 32 51,35,
2008-11-28,10 30 44 46 48,44,
2008-11-25,02 11 22 51 52,46,
2008-11-21,01 22 52 53 56,45,
2008-11-18,10 15 22 52 53,12,
2008-11-14,03 18 19 30 34,3,
2008-11-11,05 27 38 42 55,41,
2008-11-07,14 24 32 43 44,21,
2008-11-04,10 21 23 41 55,9,
2008-10-31,02 07 17 29 47,40,
2008-10-28,06 39 45 46 48,36,
2008-10-24,05 33 34 47 52,18,
2008-10-21,16 19 39 42 44,38,
2008-10-17,07 15 27 28 31,35,
2008-10-14,14 35 41 42 51,23,
2008-10-10,14 15 43 46 48,21,
2008-10-07,02 25 35 38 42,34,
2008-10-03,13 28 32 41 52,16,
2008-09-30,09 30 35 39 49,36,
2008-09-26,06 13 14 31 36,36,
2008-09-23,09 32 34 43 52,4,
2008-09-19,02 09 41 48 51,37,
2008-09-16,13 24 39 51 52,44,
2008-09-12,01 12 14 25 35,38,
2008-09-09,22 23 28 49 52,2,
2008-09-05,01 06 15 27 46,39,
2008-09-02,14 23 43 44 54,39,
2008-08-29,21 25 26 50 51,22,
2008-08-26,06 16 24 34 36,30,
2008-08-22,12 13 15 41 42,37,
2008-08-19,09 18 19 26 40,38,
2008-08-15,08 23 29 30 53,7,
2008-08-12,02 07 23 38 40,40,
2008-08-08,11 17 28 32 50,33,
2008-08-05,09 21 36 38 55,13,
2008-08-01,09 13 17 18 56,2,
2008-07-29,11 13 20 30 42,3,
2008-07-25,02 16 19 35 52,17,
2008-07-22,02 16 23 29 32,46,
2008-07-18,17 29 36 53 55,26,
2008-07-15,19 24 34 45 51,40,
2008-07-11,05 14 16 39 51,34,
2008-07-08,01 20 22 29 41,35,
2008-07-04,01 03 12 19 20,28,
2008-07-01,01 22 33 43 52,36,
2008-06-27,08 14 22 39 50,44,
2008-06-24,10 22 36 50 53,39,
2008-06-20,11 17 25 36 42,13,
2008-06-17,05 14 25 47 49,36,
2008-06-13,08 09 14 38 44,36,
2008-06-10,03 05 15 43 51,11,
2008-06-06,08 09 43 44 54,27,
2008-06-03,04 19 24 32 54,5,
2008-05-30,39 40 47 53 55,32,
2008-05-27,14 24 32 45 49,17,
2008-05-23,04 08 11 22 30,4,
2008-05-20,02 14 26 32 41,32,
2008-05-16,06 11 39 46 47,26,
2008-05-13,20 24 27 31 47,15,
2008-05-09,16 31 43 46 56,22,
2008-05-06,04 21 46 53 54,26,
2008-05-02,08 28 37 53 55,26,
2008-04-29,19 24 35 44 51,26,
2008-04-25,19 32 37 45 52,41,
2008-04-22,03 22 31 48 54,9,
2008-04-18,24 28 36 50 53,29,
2008-04-15,12 13 27 48 50,30,
2008-04-11,14 18 27 31 42,7,
2008-04-08,08 09 31 37 44,38,
2008-04-04,03 05 40 45 49,17,
2008-04-01,04 17 26 46 56,25,
2008-03-28,07 26 27 40 43,10,
2008-03-25,38 42 43 48 53,12,
2008-03-21,05 08 17 19 41,21,
2008-03-18,13 15 20 25 44,37,
2008-03-14,03 12 18 25 52,21,
2008-03-11,04 13 35 41 47,44,
2008-03-07,19 32 33 41 48,12,
2008-03-04,07 15 30 33 56,22,
2008-02-29,05 17 22 26 55,38,
2008-02-26,09 12 30 36 55,15,
2008-02-22,07 12 13 19 22,10,
2008-02-19,01 38 42 55 56,34,
2008-02-15,07 11 26 30 53,14,
2008-02-12,14 27 39 47 50,12,
2008-02-08,21 30 43 46 50,18,
2008-02-05,04 05 17 40 51,38,
2008-02-01,03 14 30 44 56,5,
2008-01-29,08 23 39 40 42,24,
2008-01-25,05 12 22 38 56,22,
2008-01-22,12 15 22 25 33,2,
2008-01-18,12 22 33 43 44,15,
2008-01-15,21 30 42 44 50,6,
2008-01-11,22 36 42 45 55,42,
2008-01-08,10 29 45 52 54,10,
2008-01-04,24 31 39 40 56,32,
2008-01-01,13 16 25 30 54,11,
2007-12-28,02 19 22 28 54,25,
2007-12-21,14 19 20 43 53,7,
2007-12-18,03 23 46 48 49,2,
2007-12-14,04 07 12 17 30,44,
2007-12-11,06 25 27 30 45,46,
2007-12-07,12 18 26 28 51,35,
2007-12-04,16 27 30 45 53,43,
2007-11-30,05 06 12 26 51,7,
2007-11-27,09 10 26 29 39,10,
2007-11-23,18 21 33 42 56,11,
2007-11-20,14 20 23 42 43,6,
2007-11-16,12 13 30 31 39,29,
2007-11-13,15 26 36 39 40,45,
2007-11-09,11 33 41 42 46,21,
2007-11-06,03 17 43 46 47,2,
2007-11-02,01 03 34 49 52,19,
2007-10-30,02 08 44 46 51,22,
2007-10-26,12 20 24 38 51,3,
2007-10-23,02 07 45 52 53,18,
2007-10-19,05 15 18 23 46,14,
2007-10-16,01 02 05 41 44,25,
2007-10-12,21 26 34 44 54,23,
2007-10-09,01 10 17 32 51,44,
2007-10-05,10 19 37 40 48,1,
2007-10-02,28 37 40 43 44,20,
2007-09-28,04 13 20 25 33,42,
2007-09-25,02 19 23 47 54,16,
2007-09-21,05 21 23 33 45,43,
2007-09-18,20 24 31 34 49,8,
2007-09-14,05 09 12 33 40,27,
2007-09-11,09 10 17 21 35,6,
2007-09-07,14 19 27 34 48,3,
2007-09-04,03 06 11 42 46,38,
2007-08-31,08 18 22 40 44,11,
2007-08-28,37 40 48 53 56,44,
2007-08-24,04 21 46 51 53,5,
2007-08-21,08 38 54 55 56,2,
2007-08-17,02 08 33 38 53,12,
2007-08-14,05 08 09 24 34,17,
2007-08-10,10 20 32 33 54,39,
2007-08-07,36 41 50 55 56,9,
2007-08-03,16 29 42 46 51,40,
2007-07-31,05 18 37 39 43,42,
2007-07-27,07 12 35 54 55,2,
2007-07-24,08 17 20 23 50,17,
2007-07-20,06 13 30 41 52,26,
2007-07-17,16 30 38 46 51,5,
2007-07-13,07 39 41 48 53,21,
2007-07-10,19 24 30 34 56,19,
2007-07-06,03 09 12 25 47,37,
2007-07-03,21 35 37 39 40,35,
2007-06-29,01 17 40 51 52,7,
2007-06-26,04 10 20 29 45,21,
2007-06-22,11 14 21 24 31,23,
2007-06-19,05 16 31 49 54,19,
2007-06-15,01 05 16 26 30,21,
2007-06-12,03 13 19 31 50,21,
2007-06-08,06 26 29 31 39,31,
2007-06-05,27 35 38 49 56,15,
2007-06-01,12 19 29 32 48,9,
2007-05-29,02 24 44 51 54,7,
2007-05-25,10 14 22 42 43,1,
2007-05-22,02 07 11 22 36,35,
2007-05-18,13 23 24 30 44,5,
2007-05-15,06 13 42 46 56,42,
2007-05-11,28 30 33 48 54,25,
2007-05-08,16 24 41 43 54,36,
2007-05-04,04 09 20 45 55,34,
2007-05-01,11 16 31 52 53,42,
2007-04-27,05 07 26 38 56,15,
2007-04-24,08 10 35 36 43,14,
2007-04-20,01 09 10 23 53,40,
2007-04-17,01 04 11 31 47,37,
2007-04-13,11 14 21 25 26,33,
2007-04-10,07 15 16 19 28,10,
2007-04-06,24 32 34 36 39,6,
2007-04-03,16 26 33 34 46,38,
2007-03-30,15 23 37 48 53,22,
2007-03-27,18 25 34 35 42,6,
2007-03-23,18 21 35 51 53,36,
2007-03-20,07 21 46 49 55,15,
2007-03-16,17 25 36 40 43,9,
2007-03-13,07 11 16 38 49,35,
2007-03-09,10 13 25 42 43,30,
2007-03-06,16 22 29 39 42,20,
2007-03-02,14 21 33 35 51,43,
2007-02-27,18 31 44 45 48,18,
2007-02-23,03 18 21 38 50,43,
2007-02-20,01 09 26 46 51,11,
2007-02-16,17 35 40 46 48,41,
2007-02-13,03 09 24 29 41,41,
2007-02-09,32 39 46 48 49,41,
2007-02-06,16 21 35 36 46,38,
2007-02-02,22 33 35 40 53,15,
2007-01-30,14 18 44 52 56,25,
2007-01-26,16 17 36 49 54,14,
2007-01-23,03 05 15 26 53,35,
2007-01-19,04 28 30 31 35,17,
2007-01-16,04 08 15 33 52,10,
2007-01-12,12 14 26 40 42,22,
2007-01-09,07 11 26 38 54,13,
2007-01-05,02 12 44 46 51,6,
2007-01-02,09 10 38 51 53,1,
2006-12-29,03 04 10 39 50,29,
2006-12-26,07 12 25 44 53,3,
2006-12-22,05 12 15 25 34,43,
2006-12-19,09 32 37 42 48,7,
2006-12-15,06 07 17 28 40,39,
2006-12-12,20 30 31 35 49,23,
2006-12-08,01 15 29 32 45,8,
2006-12-05,06 09 13 43 46,45,
2006-12-01,16 22 23 37 53,35,
2006-11-28,07 14 24 41 56,7,
2006-11-24,14 35 40 47 48,35,
2006-11-21,07 13 20 42 47,9,
2006-11-17,05 19 25 30 50,42,
2006-11-14,09 20 24 25 36,23,
2006-11-10,11 42 52 53 55,28,
2006-11-07,13 22 33 51 52,42,
2006-11-03,08 10 22 25 55,22,
2006-10-31,05 34 40 45 46,21,
2006-10-27,15 22 26 30 32,31,
2006-10-24,05 25 41 48 51,35,
2006-10-20,09 13 23 29 54,34,
2006-10-17,06 18 20 28 38,37,
2006-10-13,24 27 42 47 50,8,
2006-10-10,14 30 35 40 43,2,
2006-10-06,01 11 20 21 46,18,
2006-10-03,06 19 32 33 40,39,
2006-09-29,03 25 43 45 55,40,
2006-09-26,03 06 38 42 45,30,
2006-09-22,07 12 17 22 43,16,
2006-09-19,02 19 44 45 56,43,
2006-09-15,06 26 33 39 55,1,
2006-09-12,03 16 25 30 44,42,
2006-09-08,09 17 34 52 53,2,
2006-09-05,01 32 36 42 53,4,
2006-09-01,05 06 51 53 55,12,
2006-08-29,15 25 37 38 52,4,
2006-08-25,17 24 35 46 54,33,
2006-08-22,03 04 05 07 36,16,
2006-08-18,05 12 13 46 50,10,
2006-08-15,10 12 22 44 48,16,
2006-08-11,14 16 38 40 49,29,
2006-08-08,01 05 13 18 33,30,
2006-08-04,02 24 31 50 55,44,
2006-08-01,14 29 32 43 49,14,
2006-07-28,02 13 23 32 35,4,
2006-07-25,07 21 24 41 51,10,
2006-07-21,18 26 35 36 43,24,
2006-07-18,12 13 29 49 52,20,
2006-07-14,13 25 26 28 56,39,
2006-07-11,05 14 34 36 52,42,
2006-07-07,07 15 27 46 56,39,
2006-07-04,09 15 31 42 45,41,
2006-06-30,20 40 46 48 54,27,
2006-06-27,02 14 20 29 44,32,
2006-06-23,13 17 24 34 56,24,
2006-06-20,11 21 37 53 54,12,
2006-06-16,27 30 36 38 45,13,
2006-06-13,01 20 23 24 33,29,
2006-06-09,08 17 18 26 47,37,
2006-06-06,05 29 35 52 53,9,
2006-06-02,03 10 18 36 38,41,
2006-05-30,02 13 28 34 45,36,
2006-05-26,12 14 20 47 48,24,
2006-05-23,17 21 28 48 54,1,
2006-05-19,05 12 31 51 56,1,
2006-05-16,07 24 40 48 50,15,
2006-05-12,06 36 39 45 52,45,
2006-05-09,07 15 24 43 44,22,
2006-05-05,08 20 39 53 55,10,
2006-05-02,07 11 22 27 31,33,
2006-04-28,16 29 32 36 55,12,
2006-04-25,01 20 32 37 39,9,
2006-04-21,02 04 07 27 41,4,
2006-04-18,13 14 25 34 50,6,
2006-04-14,08 10 18 29 33,10,
2006-04-11,02 12 45 46 56,20,
2006-04-07,01 18 31 46 52,37,
2006-04-04,09 25 48 51 56,7,
2006-03-31,04 07 19 50 52,15,
2006-03-28,14 18 35 39 49,14,
2006-03-24,01 02 17 47 49,19,
2006-03-21,04 16 17 28 31,8,
2006-03-17,08 11 23 48 52,5,
2006-03-14,27 28 30 42 50,22,
2006-03-10,04 17 18 51 54,31,
2006-03-07,15 27 36 38 42,32,
2006-03-03,25 29 38 39 46,4,
2006-02-28,02 04 35 36 48,22,
2006-02-24,03 05 12 16 34,27,
2006-02-21,14 23 27 36 45,36,
2006-02-17,16 25 31 43 46,28,
2006-02-14,27 36 43 49 54,33,
2006-02-10,24 39 40 43 46,2,
2006-02-07,02 16 25 30 48,26,
2006-02-03,29 31 32 41 52,42,
2006-01-31,01 35 53 54 56,44,
2006-01-27,02 07 08 18 29,46,
2006-01-24,31 34 36 51 55,4,
2006-01-20,18 22 28 44 53,46,
2006-01-17,24 32 37 39 40,44,
2006-01-13,05 21 27 44 53,36,
2006-01-10,07 27 32 37 38,30,
2006-01-06,08 11 28 37 53,12,
2006-01-03,15 19 20 32 38,21,
2005-12-30,14 20 25 40 44,37,
2005-12-27,11 24 27 49 55,23,
2005-12-23,10 37 39 49 54,8,
2005-12-20,06 20 23 40 56,36,
2005-12-16,14 25 26 31 56,17,
2005-12-13,09 10 12 22 41,4,
2005-12-09,14 15 31 32 43,20,
2005-12-06,06 10 26 30 33,16,
2005-12-02,03 12 21 38 44,45,
2005-11-29,07 08 47 51 52,5,
2005-11-25,05 25 31 33 34,41,
2005-11-22,09 22 37 41 43,30,
2005-11-18,08 18 21 42 46,11,
2005-11-15,02 04 05 40 48,7,
2005-11-11,09 14 34 50 51,40,
2005-11-08,08 16 21 25 27,16,
2005-11-04,07 09 41 53 54,38,
2005-11-01,05 18 21 28 36,20,
2005-10-28,08 17 25 28 53,1,
2005-10-25,07 12 18 31 55,30,
2005-10-21,11 17 28 29 36,42,
2005-10-18,03 12 16 32 33,15,
2005-10-14,06 20 24 25 34,44,
2005-10-11,24 30 42 53 54,20,
2005-10-07,02 04 23 27 36,37,
2005-10-04,12 24 28 29 36,41,
2005-09-30,01 03 14 30 52,10,
2005-09-27,14 17 26 27 28,5,
2005-09-23,06 07 20 41 51,38,
2005-09-20,35 36 40 42 52,45,
2005-09-16,05 16 41 46 50,1,
2005-09-13,13 24 44 48 52,30,
2005-09-09,15 28 43 51 52,11,
2005-09-06,01 08 27 31 50,40,
2005-09-02,01 04 14 45 53,33,
2005-08-30,19 32 42 49 56,29,
2005-08-26,05 20 38 47 54,35,
2005-08-23,06 07 08 13 40,12,
2005-08-19,02 13 18 36 46,36,
2005-08-16,09 15 20 24 55,3,
2005-08-12,08 37 38 45 54,21,
2005-08-09,13 35 36 43 52,5,
2005-08-05,03 05 48 50 53,4,
2005-08-02,17 22 39 50 52,46,
2005-07-29,04 16 23 25 40,22,
2005-07-26,01 10 18 29 55,8,
2005-07-22,07 18 27 35 54,34,
2005-07-19,07 13 48 51 54,11,
2005-07-15,09 13 25 36 48,2,
2005-07-12,05 17 32 39 53,36,
2005-07-08,09 23 45 48 50,3,
2005-07-05,22 38 48 50 55,29,
2005-07-01,14 25 41 42 50,40,
2005-06-28,02 20 37 43 46,4,
2005-06-24,14 43 44 50 56,7,
2005-06-21,09 13 40 46 50,30,
2005-06-17,16 35 40 49 50,34,
2005-06-14,01 10 29 48 49,36,
2005-06-10,14 29 31 37 50,34,
2005-06-07,07 14 28 46 47,25,
2005-06-03,04 06 14 28 47,42,
2005-05-31,05 13 22 37 38,11,
2005-05-27,07 17 22 34 50,24,
2005-05-24,09 28 39 40 45,24,
2005-05-20,03 06 27 40 44,9,
2005-05-17,07 09 10 29 44,17,
2005-05-13,21 23 27 33 39,8,
2005-05-10,11 25 38 40 42,40,
2005-05-06,07 12 25 50 51,19,
2005-05-03,07 17 42 46 52,47,
2005-04-29,02 05 07 28 46,21,
2005-04-26,18 22 33 34 42,16,
2005-04-22,23 25 43 46 49,26,
2005-04-19,05 06 14 42 47,3,
2005-04-15,25 26 37 39 49,29,
2005-04-12,15 20 43 47 50,24,
2005-04-08,05 13 17 33 35,35,
2005-04-05,04 19 45 51 52,22,
2005-04-01,11 19 28 32 45,10,
2005-03-29,07 17 18 30 42,38,
2005-03-25,11 18 19 45 49,2,
2005-03-22,06 11 27 37 43,34,
2005-03-18,02 09 28 29 48,33,
2005-03-15,14 26 27 34 44,27,
2005-03-11,18 19 31 35 36,17,
2005-03-08,08 14 15 22 31,13,
2005-03-04,07 10 13 35 39,21,
2005-03-01,01 08 18 39 48,1,
2005-02-25,04 13 37 38 50,24,
2005-02-22,15 18 28 41 45,27,
2005-02-18,01 19 31 35 42,34,
2005-02-15,03 16 20 21 38,10,
2005-02-11,06 14 21 24 50,28,
2005-02-08,08 11 14 23 25,21,
2005-02-04,03 12 14 30 52,34,
2005-02-01,03 17 21 42 44,35,
2005-01-28,25 31 39 47 52,43,
2005-01-25,02 10 21 25 45,22,
2005-01-21,17 27 39 40 41,21,
2005-01-18,10 23 28 39 51,5,
2005-01-14,15 19 24 40 47,50,
2005-01-11,02 23 24 35 45,18,
2005-01-07,02 08 14 15 51,38,
2005-01-04,03 06 07 12 32,30,
2004-12-31,10 14 45 47 51,20,
2004-12-28,18 29 32 38 43,50,
2004-12-24,09 20 22 41 42,10,
2004-12-21,07 22 27 31 38,12,
2004-12-17,16 34 38 42 47,1,
2004-12-14,14 27 32 34 40,2,
2004-12-10,22 23 37 42 47,15,
2004-12-07,01 19 22 32 49,29,
2004-12-03,12 32 37 41 52,13,
2004-11-30,10 20 22 28 52,4,
2004-11-26,07 09 18 37 43,34,
2004-11-23,08 30 32 35 51,17,
2004-11-19,01 12 24 36 51,38,
2004-11-16,09 10 27 28 30,18,
2004-11-12,05 31 33 35 51,1,
2004-11-09,11 20 26 28 52,7,
2004-11-05,03 29 30 41 43,1,
2004-11-02,24 32 42 49 50,3,
2004-10-29,10 18 26 31 41,48,
2004-10-26,14 25 39 43 49,27,
2004-10-22,03 07 20 24 43,36,
2004-10-19,06 13 19 34 50,33,
2004-10-15,04 08 24 30 36,25,
2004-10-12,04 18 19 39 51,13,
2004-10-08,16 17 21 33 41,6,
2004-10-05,08 34 39 48 49,47,
2004-10-01,08 10 17 24 39,52,
2004-09-28,01 18 39 42 50,35,
2004-09-24,11 26 30 49 50,52,
2004-09-21,01 03 15 19 29,39,
2004-09-17,03 16 25 38 49,4,
2004-09-14,12 35 37 38 50,49,
2004-09-10,11 17 27 45 52,5,
2004-09-07,13 30 36 38 51,35,
2004-09-03,04 14 34 38 44,10,
2004-08-31,14 15 25 42 44,3,
2004-08-27,05 25 38 46 47,14,
2004-08-24,02 05 21 47 50,46,
2004-08-20,12 17 34 37 39,34,
2004-08-17,22 23 26 28 36,10,
2004-08-13,14 31 41 45 48,20,
2004-08-10,18 25 29 31 44,33,
2004-08-06,04 23 33 38 49,7,
2004-08-03,01 02 13 16 22,31,
2004-07-30,16 19 21 34 35,22,
2004-07-27,08 10 11 13 24,46,
2004-07-23,05 12 25 35 37,12,
2004-07-20,06 15 21 32 44,13,
2004-07-16,03 21 22 35 44,7,
2004-07-13,13 31 37 39 52,38,
2004-07-09,11 23 25 29 45,16,
2004-07-06,06 07 08 31 48,19,
2004-07-02,10 25 38 39 50,12,
2004-06-29,10 13 19 28 38,1,
2004-06-25,18 19 29 32 42,32,
2004-06-22,09 10 17 41 52,19,
2004-06-18,07 10 11 15 51,23,
2004-06-15,18 23 27 29 44,24,
2004-06-11,12 28 36 39 52,36,
2004-06-08,17 24 29 37 45,43,
2004-06-04,04 16 18 41 47,46,
2004-06-01,07 16 17 26 48,15,
2004-05-28,13 27 36 39 51,33,
2004-05-25,05 18 34 36 39,43,
2004-05-21,04 20 27 38 49,31,
2004-05-18,02 36 44 46 51,45,
2004-05-14,10 19 32 36 46,6,
2004-05-11,09 25 30 34 37,30,
2004-05-07,14 17 19 44 50,17,
2004-05-04,03 15 29 37 39,40,
2004-04-30,15 21 32 39 50,34,
2004-04-27,01 10 17 23 35,45,
2004-04-23,08 22 25 47 48,27,
2004-04-20,12 22 37 46 48,49,
2004-04-16,06 24 29 42 51,41,
2004-04-13,13 36 39 50 51,34,
2004-04-09,02 08 10 11 23,40,
2004-04-06,08 17 29 32 39,49,
2004-04-02,08 17 25 46 47,13,
2004-03-30,03 27 31 41 45,33,
2004-03-26,08 10 17 37 49,20,
2004-03-23,12 22 35 39 46,32,
2004-03-19,06 09 14 32 50,4,
2004-03-16,03 28 45 49 51,52,
2004-03-12,04 29 32 35 36,11,
2004-03-09,16 23 29 36 51,49,
2004-03-05,30 40 47 49 52,3,
2004-03-02,25 30 35 40 50,4,
2004-02-27,02 09 24 36 52,44,
2004-02-24,06 11 43 49 52,21,
2004-02-20,01 13 20 21 30,24,
2004-02-17,02 08 34 36 52,21,
2004-02-13,14 30 42 43 45,30,
2004-02-10,03 07 10 22 32,23,
2004-02-06,01 06 16 30 49,13,
2004-02-03,09 21 26 35 41,17,
2004-01-30,17 28 30 40 51,44,
2004-01-27,06 10 20 38 50,27,
2004-01-23,10 18 33 46 51,13,
2004-01-20,05 07 14 21 45,36,
2004-01-16,12 26 41 44 49,44,
2004-01-13,03 17 18 21 45,21,
2004-01-09,24 32 38 47 49,12,
2004-01-06,07 13 15 25 32,9,
2004-01-02,07 08 36 44 48,9,
2003-12-30,12 18 21 32 46,49,
2003-12-26,01 10 17 20 29,36,
2003-12-23,02 13 21 22 49,52,
2003-12-19,05 10 17 35 39,38,
2003-12-16,16 24 31 46 47,47,
2003-12-12,09 16 32 45 46,26,
2003-12-09,04 14 15 24 48,41,
2003-12-05,01 12 15 18 44,42,
2003-12-02,10 13 24 34 49,4,
2003-11-28,19 26 31 44 50,19,
2003-11-25,22 32 37 40 41,52,
2003-11-21,14 26 28 36 42,14,
2003-11-18,04 11 25 30 52,36,
2003-11-14,03 13 31 41 42,52,
2003-11-11,02 05 17 21 22,43,
2003-11-07,06 18 23 26 30,31,
2003-11-04,16 24 43 44 45,22,
2003-10-31,06 12 13 36 46,3,
2003-10-28,06 09 20 40 47,26,
2003-10-24,08 09 16 30 31,15,
2003-10-21,18 34 46 51 52,38,
2003-10-17,14 20 31 46 48,18,
2003-10-14,18 19 21 33 40,29,
2003-10-10,04 19 36 42 48,13,
2003-10-07,01 02 22 40 41,43,
2003-10-03,19 21 30 31 52,51,
2003-09-30,02 26 37 40 46,49,
2003-09-26,05 29 32 45 52,29,
2003-09-23,05 16 24 49 51,28,
2003-09-19,13 14 24 34 47,13,
2003-09-16,15 20 24 30 46,42,
2003-09-12,16 22 23 38 46,45,
2003-09-09,14 15 30 39 46,30,
2003-09-05,07 09 28 41 42,19,
2003-09-02,22 26 27 32 39,14,
2003-08-29,08 11 17 42 52,10,
2003-08-26,09 28 42 44 49,47,
2003-08-22,04 19 31 32 51,31,
2003-08-19,07 11 24 28 52,16,
2003-08-15,01 16 20 41 52,13,
2003-08-12,08 11 18 35 51,26,
2003-08-08,06 09 35 40 43,42,
2003-08-05,07 32 34 38 44,49,
2003-08-01,02 11 27 30 33,46,
2003-07-29,01 17 19 32 42,33,
2003-07-25,33 46 47 50 51,30,
2003-07-22,01 05 31 38 47,3,
2003-07-18,29 30 34 38 44,39,
2003-07-15,01 26 33 43 48,22,
2003-07-11,01 04 10 16 18,10,
2003-07-08,02 09 27 29 35,18,
2003-07-04,06 07 22 37 46,8,
2003-07-01,28 32 39 45 48,31,
2003-06-27,01 14 20 31 40,43,
2003-06-24,02 26 43 44 47,31,
2003-06-20,01 02 03 12 37,35,
2003-06-17,27 31 34 40 52,1,
2003-06-13,12 15 16 20 51,33,
2003-06-10,14 15 23 32 52,37,
2003-06-06,10 14 28 39 40,35,
2003-06-03,04 20 25 29 32,20,
2003-05-30,01 21 28 33 51,3,
2003-05-27,10 11 17 20 26,3,
2003-05-23,12 20 31 33 50,17,
2003-05-20,02 16 36 44 49,3,
2003-05-16,05 10 16 26 39,52,
2003-05-13,17 20 47 49 50,34,
2003-05-09,01 10 20 22 28,39,
2003-05-06,05 14 32 44 52,24,
2003-05-02,02 05 19 32 34,52,
2003-04-29,06 08 09 33 35,32,
2003-04-25,01 12 32 48 51,29,
2003-04-22,03 09 15 28 52,7,
2003-04-18,05 15 24 50 52,3,
2003-04-15,16 29 31 39 52,21,
2003-04-11,15 26 27 38 39,46,
2003-04-08,08 10 24 38 45,6,
2003-04-04,06 22 28 31 40,18,
2003-04-01,07 12 26 45 47,36,
2003-03-28,08 12 21 27 29,15,
2003-03-25,15 21 37 40 42,7,
2003-03-21,06 17 18 40 50,8,
2003-03-18,13 14 16 29 49,29,
2003-03-14,03 06 14 31 33,8,
2003-03-11,10 15 26 28 39,10,
2003-03-07,07 10 32 36 41,33,
2003-03-04,02 26 36 37 41,22,
2003-02-28,11 16 26 48 49,13,
2003-02-25,02 04 06 37 47,38,
2003-02-21,21 28 29 40 51,20,
2003-02-18,12 22 29 42 50,11,
2003-02-14,11 13 19 32 47,21,
2003-02-11,18 20 23 48 49,10,
2003-02-07,03 09 20 26 27,50,
2003-02-04,05 12 16 22 24,48,
2003-01-31,01 08 09 19 22,21,
2003-01-28,13 24 26 32 47,34,
2003-01-24,16 31 37 40 41,5,
2003-01-21,04 41 48 50 51,23,
2003-01-17,25 26 38 42 46,27,
2003-01-14,30 39 41 47 52,27,
2003-01-10,07 17 18 34 50,18,
2003-01-07,15 16 28 34 51,33,
2003-01-03,06 14 28 37 46,3,
2002-12-31,08 21 29 42 51,34,
2002-12-27,11 14 26 30 39,3,
2002-12-24,08 24 39 43 52,43,
2002-12-20,10 14 41 46 49,52,
2002-12-17,03 07 21 29 49,46,
2002-12-13,02 13 14 24 46,34,
2002-12-10,03 05 09 16 31,28,
2002-12-06,04 08 30 36 52,48,
2002-12-03,01 15 19 40 51,26,
2002-11-29,08 25 33 42 49,40,
2002-11-26,03 21 27 31 43,34,
2002-11-22,11 16 19 22 46,5,
2002-11-19,07 16 20 40 52,8,
2002-11-15,06 17 44 49 51,39,
2002-11-12,03 28 45 48 50,24,
2002-11-08,17 19 37 47 48,14,
2002-11-05,02 07 16 28 36,47,
2002-11-01,05 10 22 23 43,37,
2002-10-29,09 10 14 41 49,35,
2002-10-25,08 15 34 39 47,4,
2002-10-22,16 20 26 36 48,32,
2002-10-18,10 31 40 48 51,38,
2002-10-15,06 20 27 34 51,22,
2002-10-11,09 11 17 26 41,29,
2002-10-08,18 34 43 47 50,25,
2002-10-04,10 42 43 45 51,1,
2002-10-01,07 21 30 32 37,15,
2002-09-27,23 27 30 33 36,5,
2002-09-24,08 32 34 42 50,21,
2002-09-20,01 02 04 05 46,8,
2002-09-17,07 10 19 26 44,5,
2002-09-13,24 32 37 40 51,12,
2002-09-10,04 06 10 21 25,21,
2002-09-06,31 39 42 49 51,35,
2002-09-03,08 23 36 49 51,10,
2002-08-30,06 31 32 42 51,42,
2002-08-27,02 05 11 18 45,22,
2002-08-23,05 19 20 45 48,44,
2002-08-20,02 13 20 23 43,6,
2002-08-16,22 31 33 44 52,43,
2002-08-13,03 10 15 18 25,52,
2002-08-09,07 17 23 43 44,26,
2002-08-06,02 06 38 40 50,14,
2002-08-02,10 16 23 28 31,7,
2002-07-30,02 06 22 27 44,1,
2002-07-26,20 27 28 37 49,32,
2002-07-23,10 12 29 32 38,7,
2002-07-19,07 15 24 37 46,9,
2002-07-16,10 24 35 49 52,47,
2002-07-12,13 19 23 38 47,15,
2002-07-09,26 29 31 44 48,40,
2002-07-05,11 20 26 29 41,41,
2002-07-02,14 22 32 35 44,6,
2002-06-28,18 31 49 50 51,4,
2002-06-25,04 18 21 27 41,50,
2002-06-21,13 18 32 39 49,6,
2002-06-18,06 13 18 27 45,18,
2002-06-14,04 08 32 37 43,2,
2002-06-11,05 06 09 33 44,52,
2002-06-07,14 22 27 28 42,13,
2002-06-04,03 25 29 30 48,48,
2002-05-31,12 28 45 46 52,47,
2002-05-28,06 21 22 29 32,24,
2002-05-24,02 04 32 44 52,36,
2002-05-21,04 28 39 41 44,9,
2002-05-17,15 18 25 33 47,30,
