draw_date,winning_numbers,bonus_numbers,jackpot_amount
2026-08-29,18 18 56 62 65 67,,N/A
2026-08-26,2 12 32 45 50 58,,N/A
2026-08-24,2 3 16 33 38 68,,N/A
2026-08-22,13 23 31 54 57 65,,N/A
2026-08-19,10 17 21 58 61 64,,N/A
2026-08-17,8 15 22 25 49 65,,N/A
2026-08-15,5 8 13 27 29 63,,N/A
2026-08-12,4 9 26 66 67 69,,N/A
2026-08-10,6 10 37 54 55 64,,N/A
2026-08-08,5 7 9 35 54 63,,N/A
2026-08-05,14 20 25 59 60 61,,N/A
2026-08-03,4 8 30 41 48 54,,N/A
2026-08-01,5 6 17 27 48 50,,N/A
2026-07-29,2 30 36 40 42 57,,N/A
2026-07-27,6 25 26 46 58 65,,N/A
2026-07-25,3 4 17 24 36 47,,N/A
2026-07-22,1 4 5 22 50 58,,N/A
2026-07-20,2 8 9 44 53 59,,N/A
2026-07-18,3 9 14 44 50 56,,N/A
2026-07-15,2 7 16 18 29 38,,N/A
2026-07-13,3 5 25 36 40 48,,N/A
2026-07-11,5 8 10 14 45 59,,N/A
2026-07-08,12 18 29 37 43 55,,N/A
2026-07-06,4 17 44 63 66 67,,N/A
2026-07-04,17 20 38 46 50 69,,N/A
2026-07-01,2 6 6 26 39 68,,N/A
2026-06-29,3 10 14 41 53 59,,N/A
2026-06-27,3 11 16 28 30 59,,N/A
2026-06-24,13 14 14 16 21 38,,N/A
2026-06-22,13 17 19 21 45 48,,N/A
2026-06-20,15 16 20 44 48 50,,N/A
2026-06-17,3 12 26 49 53 61,,N/A
2026-06-15,23 25 55 57 60 62,,N/A
2026-06-13,2 3 13 44 50 53,,N/A
2026-06-10,12 14 31 38 60 66,,N/A
2026-06-08,3 20 24 34 43 49,,N/A
2026-06-06,3 16 32 55 59 64,,N/A
2026-06-03,12 14 16 38 55 64,,N/A
2026-06-01,2 14 42 47 57 58,,N/A
2026-05-30,1 12 27 35 44 52,,N/A
2026-05-27,5 13 14 21 31 51,,N/A
2026-05-25,10 17 32 48 60 64,,N/A
2026-05-23,4 16 26 41 48 66,,N/A
2026-05-20,10 25 28 30 46 57,,N/A
2026-05-18,4 12 13 34 61 65,,N/A
2026-05-16,8 18 37 40 44 65,,N/A
2026-05-13,15 22 31 52 56 67,,N/A
2026-05-11,7 24 30 37 56 64,,N/A
2026-05-09,15 22 41 46 47 56,,N/A
2026-05-06,5 18 27 51 65 68,,N/A
2026-05-04,13 30 36 42 60 63,,N/A
2026-05-02,14 25 37 42 52 65,,N/A
2026-04-29,3 15 19 35 51 67,,N/A
2026-04-27,3 18 31 33 36 62,,N/A
2026-04-25,2 4 30 36 52 57,,N/A
2026-04-22,11 24 29 32 49 63,,N/A
2026-04-20,9 17 26 36 47 64,,N/A
2026-04-18,1 24 25 39 46 61,,N/A
2026-04-15,13 21 26 27 43 45,,N/A
2026-04-13,15 38 43 59 63 64,,N/A
2026-04-11,6 6 47 49 53 60,,N/A
2026-04-08,3 3 16 17 42 52,,N/A
2026-04-06,5 7 24 37 42 57,,N/A
2026-04-04,1 3 6 13 41 65,,N/A
2026-04-01,4 10 11 24 52 64,,N/A
2026-03-30,7 11 20 31 41 57,,N/A
2026-03-28,11 25 42 43 59 61,,N/A
2026-03-25,7 21 26 55 56 64,,N/A
2026-03-23,1 12 18 47 56 63,,N/A
2026-03-21,2 12 28 36 41 59,,N/A
2026-03-18,1 14 18 19 21 69,,N/A
2026-03-16,7 10 20 20 47 52,,N/A
2026-03-14,9 21 30 42 50 52,,N/A
2026-03-11,3 6 12 55 58 63,,N/A
2026-03-09,13 22 23 28 36 54,,N/A
2026-03-07,17 18 24 30 50 68,,N/A
2026-03-04,6 7 14 42 47 56,,N/A
2026-03-02,2 17 18 20 38 62,,N/A
2026-02-28,6 10 20 35 54 65,,N/A
2026-02-25,23 50 52 54 56 64,,N/A
2026-02-23,5 6 11 23 29 47,,N/A
2026-02-21,21 27 28 36 48 49,,N/A
2026-02-18,1 9 33 52 64 66,,N/A
2026-02-16,6 16 18 19 56 58,,N/A
2026-02-14,23 24 43 58 60 64,,N/A
2026-02-11,5 6 20 33 40 48,,N/A
2026-02-09,6 19 22 24 28 48,,N/A
2026-02-07,6 25 36 42 51 58,,N/A
2026-02-04,15 27 29 30 37 58,,N/A
2026-02-02,3 4 8 31 60 65,,N/A
2026-01-31,2 8 14 23 40 63,,N/A
2026-01-28,11 21 35 40 46 68,,N/A
2026-01-26,18 21 31 51 60 63,,N/A
2026-01-24,2 5 16 35 61 63,,N/A
2026-01-21,11 12 26 27 53 55,,N/A
2026-01-19,5 17 28 34 37 55,,N/A
2026-01-17,5 8 14 27 49 57,,N/A
2026-01-14,2 6 24 39 43 51,,N/A
2026-01-12,4 5 27 45 56 59,,N/A
2026-01-10,5 14 19 21 28 64,,N/A
2026-01-07,15 23 28 57 58 63,,N/A
2026-01-05,4 14 18 24 51 56,,N/A
2026-01-03,18 21 23 40 53 60,,N/A
2025-12-31,11 18 21 24 26 38,,N/A
2025-12-29,11 19 21 34 48 53,,N/A
2025-12-27,1 5 20 34 39 62,,N/A
2025-12-24,4 19 25 31 52 59,,N/A
2025-12-22,3 7 18 36 41 54,,N/A
2025-12-20,4 5 20 28 52 69,,N/A
2025-12-17,17 25 33 53 62 66,,N/A
2025-12-15,2 23 35 59 63 68,,N/A
2025-12-13,1 16 28 31 57 58,,N/A
2025-12-10,10 16 22 29 33 69,,N/A
2025-12-08,8 23 32 52 56 64,,N/A
2025-12-06,7 13 14 26 28 44,,N/A
2025-12-03,1 14 20 26 46 51,,N/A
2025-12-01,1 5 18 26 47 59,,N/A
2025-11-29,1 19 22 30 32 59,,N/A
2025-11-26,3 7 8 15 19 28,,N/A
2025-11-24,8 14 16 26 30 58,,N/A
2025-11-22,2 28 32 36 51 69,,N/A
2025-11-19,10 19 31 49 51 68,,N/A
2025-11-17,7 23 33 50 57 66,,N/A
2025-11-15,6 7 12 21 47 53,,N/A
2025-11-12,23 29 39 43 51 65,,N/A
2025-11-10,6 23 28 44 48 58,,N/A
2025-11-08,3 11 53 60 62 68,,N/A
2025-11-05,9 17 26 29 61 66,,N/A
2025-11-03,3 18 32 40 43 57,,N/A
2025-11-01,2 22 26 43 44 62,,N/A
2025-10-29,1 4 24 49 60 65,,N/A
2025-10-27,17 20 39 43 51 66,,N/A
2025-10-25,2 12 15 22 39 67,,N/A
2025-10-22,12 18 37 52 54 60,,N/A
2025-10-20,19 32 38 66 67 69,,N/A
2025-10-18,3 10 11 27 40 58,,N/A
2025-10-15,10 13 15 28 34 47,,N/A
2025-10-13,12 13 14 32 52 64,,N/A
2025-10-11,10 13 16 18 20 27,,N/A
2025-10-08,8 10 14 44 48 54,,N/A
2025-10-06,3 28 29 32 66 67,,N/A
2025-10-04,2 3 7 47 67 68,,N/A
2025-10-01,8 14 17 22 28 55,,N/A
2025-09-29,1 3 16 27 60 65,,N/A
2025-09-27,4 10 16 32 61 66,,N/A
2025-09-24,15 19 31 45 49 53,,N/A
2025-09-22,3 15 29 42 46 59,,N/A
2025-09-20,4 15 29 64 66 67,,N/A
2025-09-17,7 20 30 50 54 62,,N/A
2025-09-15,1 14 15 32 42 49,,N/A
2025-09-13,19 28 37 42 50 53,,N/A
2025-09-10,2 5 24 45 53 64,,N/A
2025-09-08,9 26 28 41 53 64,,N/A
2025-09-06,11 17 23 44 61 62,,N/A
2025-09-03,3 16 22 29 61 69,,N/A
2025-09-01,5 8 23 25 40 53,,N/A
2025-08-30,3 17 18 22 27 33,,N/A
2025-08-27,9 12 22 25 41 61,,N/A
2025-08-25,16 19 22 34 37 64,,N/A
2025-08-23,11 14 18 34 47 51,,N/A
2025-08-20,5 31 59 62 65 68,,N/A
2025-08-18,1 15 46 61 63 64,,N/A
2025-08-16,23 23 40 49 65 69,,N/A
2025-08-13,4 4 11 40 44 50,,N/A
2025-08-11,2 6 16 33 40 62,,N/A
2025-08-09,7 14 14 23 24 60,,N/A
2025-08-06,9 15 27 43 45 53,,N/A
2025-08-04,8 9 19 21 31 38,,N/A
2025-08-02,2 6 18 34 35 36,,N/A
2025-07-30,4 8 15 35 50 64,,N/A
2025-07-28,3 7 35 36 43 62,,N/A
2025-07-26,8 23 31 57 65 67,,N/A
2025-07-23,2 18 19 25 25 35,,N/A
2025-07-21,2 8 11 28 33 42,,N/A
2025-07-19,20 28 48 51 61 69,,N/A
2025-07-16,4 21 22 43 48 49,,N/A
2025-07-14,8 12 24 45 46 63,,N/A
2025-07-12,8 16 18 24 33 54,,N/A
2025-07-09,5 5 9 25 28 69,,N/A
2025-07-07,25 33 35 58 61 69,,N/A
2025-07-05,1 8 28 34 50 58,,N/A
2025-07-02,7 19 21 21 54 63,,N/A
2025-06-30,6 13 28 44 52 55,,N/A
2025-06-28,4 12 35 43 52 62,,N/A
2025-06-25,2 12 22 37 51 61,,N/A
2025-06-23,5 20 25 42 44 65,,N/A
2025-06-21,3 16 24 32 52 62,,N/A
2025-06-18,11 23 29 50 64 67,,N/A
2025-06-16,17 19 21 23 27 52,,N/A
2025-06-14,4 6 9 23 25 59,,N/A
2025-06-11,3 13 25 29 37 53,,N/A
2025-06-09,25 30 33 40 43 52,,N/A
2025-06-07,25 31 36 43 48 62,,N/A
2025-06-04,5 17 23 24 35 45,,N/A
2025-06-02,1 7 21 44 57 61,,N/A
2025-05-31,1 13 29 37 56 68,,N/A
2025-05-28,11 23 27 32 35 59,,N/A
2025-05-26,13 25 47 52 64 67,,N/A
2025-05-24,5 12 18 28 48 52,,N/A
2025-05-21,2 9 29 31 34 43,,N/A
2025-05-19,11 13 14 37 50 60,,N/A
2025-05-17,7 15 34 40 42 52,,N/A
2025-05-14,4 4 10 24 29 53,,N/A
2025-05-12,15 16 21 41 48 60,,N/A
2025-05-10,5 13 20 28 39 42,,N/A
2025-05-07,14 15 20 30 40 59,,N/A
2025-05-05,16 19 34 40 45 66,,N/A
2025-05-03,10 21 23 24 35 65,,N/A
2025-04-30,1 2 3 9 57 59,,N/A
2025-04-28,24 26 43 51 56 60,,N/A
2025-04-26,1 2 12 14 18 69,,N/A
2025-04-23,15 20 44 63 66 69,,N/A
2025-04-21,4 25 33 45 46 51,,N/A
2025-04-19,1 7 25 37 39 63,,N/A
2025-04-16,19 20 24 42 43 49,,N/A
2025-04-14,1 3 20 30 52 62,,N/A
2025-04-12,16 19 22 44 45 53,,N/A
2025-04-09,4 10 29 37 55 67,,N/A
2025-04-07,4 20 23 48 59 66,,N/A
2025-04-05,2 4 23 30 46 62,,N/A
2025-04-02,1 5 17 41 64 69,,N/A
2025-03-31,12 25 41 44 52 64,,N/A
2025-03-29,2 7 11 21 53 61,,N/A
2025-03-26,5 6 20 29 39 53,,N/A
2025-03-24,6 12 23 35 36 47,,N/A
2025-03-22,6 7 12 25 46 57,,N/A
2025-03-19,8 11 15 21 49 59,,N/A
2025-03-17,9 11 18 23 38 60,,N/A
2025-03-15,5 12 28 33 36 54,,N/A
2025-03-12,1 11 13 28 51 58,,N/A
2025-03-10,6 17 40 47 50 55,,N/A
2025-03-08,2 4 13 16 23 63,,N/A
2025-03-05,20 24 28 40 63 65,,N/A
2025-03-03,18 20 20 50 52 56,,N/A
2025-03-01,2 23 25 36 44 49,,N/A
2025-02-26,20 28 48 55 60 62,,N/A
2025-02-24,10 11 14 34 59 68,,N/A
2025-02-22,7 15 18 22 50 65,,N/A
2025-02-19,6 20 21 28 49 60,,N/A
2025-02-17,4 9 44 47 52 57,,N/A
2025-02-15,3 12 16 45 54 56,,N/A
2025-02-12,18 21 32 36 45 49,,N/A
2025-02-10,2 3 17 18 29 43,,N/A
2025-02-08,9 23 44 57 60 62,,N/A
2025-02-05,14 19 27 30 50 62,,N/A
2025-02-03,12 17 37 47 54 60,,N/A
2025-02-01,8 23 29 32 49 61,,N/A
2025-01-29,8 12 18 31 33 38,,N/A
2025-01-27,2 20 40 47 53 55,,N/A
2025-01-25,8 14 15 17 53 66,,N/A
2025-01-22,5 5 6 27 40 49,,N/A
2025-01-20,6 15 16 32 47 54,,N/A
2025-01-18,14 23 31 35 64 69,,N/A
2025-01-15,7 8 41 52 53 58,,N/A
2025-01-13,4 6 9 16 39 66,,N/A
2025-01-11,3 4 6 32 37 65,,N/A
2025-01-08,1 20 24 36 38 43,,N/A
2025-01-06,14 17 34 46 66 67,,N/A
2025-01-04,24 26 32 43 54 56,,N/A
2025-01-01,6 12 26 28 35 66,,N/A
2024-12-30,1 9 19 33 38 39,,N/A
2024-12-28,6 12 31 51 54 55,,N/A
2024-12-25,3 15 26 27 30 35,,N/A
2024-12-23,18 22 42 44 57 64,,N/A
2024-12-21,1 1 12 17 21 58,,N/A
2024-12-18,6 7 15 18 33 49,,N/A
2024-12-16,9 17 30 33 57 61,,N/A
2024-12-14,1 12 17 23 52 67,,N/A
2024-12-11,13 20 44 50 52 54,,N/A
2024-12-09,24 35 37 40 45 51,,N/A
2024-12-07,1 22 31 43 55 57,,N/A
2024-12-04,1 13 23 25 28 61,,N/A
2024-12-02,3 9 13 26 61 67,,N/A
2024-11-30,4 24 25 29 39 63,,N/A
2024-11-27,1 5 6 7 13 40,,N/A
2024-11-25,5 12 35 45 60 63,,N/A
2024-11-23,8 12 13 34 44 67,,N/A
2024-11-20,16 25 30 60 62 64,,N/A
2024-11-18,26 27 31 41 52 69,,N/A
2024-11-16,16 21 22 25 32 38,,N/A
2024-11-13,9 9 20 26 43 58,,N/A
2024-11-11,3 9 21 24 34 46,,N/A
2024-11-09,11 16 24 50 56 66,,N/A
2024-11-06,4 12 17 37 58 62,,N/A
2024-11-04,6 18 21 33 48 53,,N/A
2024-11-02,2 10 45 48 58 61,,N/A
2024-10-30,13 22 22 29 43 58,,N/A
2024-10-28,17 21 27 32 48 67,,N/A
2024-10-26,8 12 15 40 45 51,,N/A
2024-10-23,2 15 20 27 29 39,,N/A
2024-10-21,1 15 25 57 62 64,,N/A
2024-10-19,7 16 19 25 45 64,,N/A
2024-10-16,4 11 30 39 44 60,,N/A
2024-10-14,14 14 18 33 64 67,,N/A
2024-10-12,5 6 14 20 41 57,,N/A
2024-10-09,10 25 32 43 53 66,,N/A
2024-10-07,18 22 30 31 52 63,,N/A
2024-10-05,2 3 12 46 52 65,,N/A
2024-10-02,1 2 21 21 37 43,,N/A
2024-09-30,9 11 20 30 43 69,,N/A
2024-09-28,3 11 13 22 24 39,,N/A
2024-09-25,2 21 26 45 46 52,,N/A
2024-09-23,15 19 21 25 37 45,,N/A
2024-09-21,14 17 19 21 37 45,,N/A
2024-09-18,1 7 11 22 47 68,,N/A
2024-09-16,8 9 11 17 27 31,,N/A
2024-09-14,16 29 34 38 48 56,,N/A
2024-09-11,3 10 12 55 65 67,,N/A
2024-09-09,1 5 16 21 47 60,,N/A
2024-09-07,14 20 34 37 55 63,,N/A
2024-09-04,7 10 20 21 33 59,,N/A
2024-09-02,8 22 42 46 48 53,,N/A
2024-08-31,4 19 34 35 38 69,,N/A
2024-08-28,5 20 33 47 50 64,,N/A
2024-08-26,2 4 15 23 68 69,,N/A
2024-08-24,5 15 17 21 24 43,,N/A
2024-08-21,3 27 31 33 38 67,,N/A
2024-08-19,1 2 10 15 23 28,,N/A
2024-08-17,12 22 31 43 45 46,,N/A
2024-08-14,8 9 13 23 29 62,,N/A
2024-08-12,9 14 22 57 67 68,,N/A
2024-08-10,9 9 24 33 64 69,,N/A
2024-08-07,6 9 19 35 47 57,,N/A
2024-08-05,12 29 42 44 51 54,,N/A
2024-08-03,13 20 33 40 60 61,,N/A
2024-07-31,7 23 34 37 50 58,,N/A
2024-07-29,11 16 27 30 33 44,,N/A
2024-07-27,3 17 31 37 40 64,,N/A
2024-07-24,13 16 42 59 63 68,,N/A
2024-07-22,20 31 36 56 58 69,,N/A
2024-07-20,4 18 25 31 40 57,,N/A
2024-07-17,24 26 27 32 47 66,,N/A
2024-07-15,9 23 31 39 40 45,,N/A
2024-07-13,9 21 55 59 66 69,,N/A
2024-07-10,7 11 12 26 27 46,,N/A
2024-07-08,1 20 22 31 33 45,,N/A
2024-07-06,5 21 32 35 39 49,,N/A
2024-07-03,2 22 26 33 55 57,,N/A
2024-07-01,5 9 9 32 39 55,,N/A
2024-06-29,25 26 51 54 61 69,,N/A
2024-06-26,4 7 9 36 47 56,,N/A
2024-06-24,5 6 8 36 53 69,,N/A
2024-06-22,4 5 15 21 32 62,,N/A
2024-06-19,4 7 27 44 50 64,,N/A
2024-06-17,9 30 48 53 58 66,,N/A
2024-06-15,2 4 36 48 54 56,,N/A
2024-06-12,19 21 30 31 61 62,,N/A
2024-06-10,3 9 10 33 58 59,,N/A
2024-06-08,8 15 38 52 54 64,,N/A
2024-06-05,8 12 44 45 51 69,,N/A
2024-06-03,16 19 29 35 36 45,,N/A
2024-06-01,8 28 38 52 54 68,,N/A
2024-05-29,9 17 34 56 60 61,,N/A
2024-05-27,9 21 30 39 49 59,,N/A
2024-05-25,6 24 33 35 36 64,,N/A
2024-05-22,4 5 16 18 26 67,,N/A
2024-05-20,1 5 7 48 64 68,,N/A
2024-05-18,19 19 36 37 42 59,,N/A
2024-05-15,6 19 42 45 55 69,,N/A
2024-05-13,1 5 14 29 38 66,,N/A
2024-05-11,3 6 21 39 49 67,,N/A
2024-05-08,5 7 41 43 44 51,,N/A
2024-05-06,7 23 24 25 56 60,,N/A
2024-05-04,4 14 20 23 53 69,,N/A
2024-05-01,1 11 15 19 21 68,,N/A
2024-04-29,11 14 38 47 67 69,,N/A
2024-04-27,9 23 30 53 55 62,,N/A
2024-04-24,2 20 21 22 26 47,,N/A
2024-04-22,1 12 16 33 39 52,,N/A
2024-04-20,4 25 35 41 44 58,,N/A
2024-04-17,2 24 29 44 47 54,,N/A
2024-04-15,7 16 23 41 56 61,,N/A
2024-04-13,7 10 33 40 43 69,,N/A
2024-04-10,6 7 12 15 24 36,,N/A
2024-04-08,6 21 23 23 39 54,,N/A
2024-04-06,9 22 27 44 52 69,,N/A
2024-04-03,11 15 38 41 62 65,,N/A
2024-04-01,19 23 24 40 42 56,,N/A
2024-03-30,12 13 23 33 50 52,,N/A
2024-03-27,8 37 46 57 60 66,,N/A
2024-03-25,7 11 19 23 53 68,,N/A
2024-03-23,3 6 23 25 34 51,,N/A
2024-03-20,9 13 22 27 54 66,,N/A
2024-03-18,10 16 17 20 39 44,,N/A
2024-03-16,5 12 23 44 57 61,,N/A
2024-03-13,4 21 29 54 59 62,,N/A
2024-03-11,1 3 5 7 16 66,,N/A
2024-03-09,16 30 36 49 52 63,,N/A
2024-03-06,6 10 19 28 44 60,,N/A
2024-03-04,26 36 42 50 52 67,,N/A
2024-03-02,3 12 18 27 36 53,,N/A
2024-02-28,6 16 26 29 38 50,,N/A
2024-02-26,16 24 29 42 51 54,,N/A
2024-02-24,3 3 8 40 53 58,,N/A
2024-02-21,4 14 27 33 41 42,,N/A
2024-02-19,4 17 23 45 50 53,,N/A
2024-02-17,6 21 28 59 62 69,,N/A
2024-02-14,1 4 18 45 47 67,,N/A
2024-02-12,14 17 36 43 53 67,,N/A
2024-02-10,8 27 28 34 37 44,,N/A
2024-02-07,12 17 21 62 67 69,,N/A
2024-02-05,1 2 9 27 30 67,,N/A
2024-02-03,9 11 19 27 59 66,,N/A
2024-01-31,14 15 18 19 41 43,,N/A
2024-01-29,4 39 41 43 49 64,,N/A
2024-01-27,7 21 38 65 66 68,,N/A
2024-01-24,1 5 8 32 50 64,,N/A
2024-01-22,21 24 25 43 52 63,,N/A
2024-01-20,10 16 31 34 47 65,,N/A
2024-01-17,2 18 22 43 61 65,,N/A
2024-01-15,4 13 30 35 49 59,,N/A
2024-01-13,13 15 31 33 51 58,,N/A
2024-01-10,11 25 40 43 48 50,,N/A
2024-01-08,2 7 17 28 40 45,,N/A
2024-01-06,4 13 31 34 38 61,,N/A
2024-01-03,8 30 31 38 48 68,,N/A
2024-01-01,1 12 21 42 44 49,,N/A
2023-12-30,7 10 11 26 27 34,,N/A
2023-12-27,4 5 11 38 51 68,,N/A
2023-12-25,4 5 12 20 24 29,,N/A
2023-12-23,6 9 14 17 18 53,,N/A
2023-12-20,16 27 35 41 56 60,,N/A
2023-12-18,5 8 19 26 34 39,,N/A
2023-12-16,3 9 10 20 25 62,,N/A
2023-12-13,3 8 18 41 56 64,,N/A
2023-12-11,1 20 24 27 31 62,,N/A
2023-12-09,1 5 25 26 40 60,,N/A
2023-12-06,2 12 21 37 56 65,,N/A
2023-12-04,9 18 19 27 28 45,,N/A
2023-12-02,3 28 35 41 47 60,,N/A
2023-11-29,4 6 47 50 61 68,,N/A
2023-11-27,2 12 21 38 61 66,,N/A
2023-11-25,9 27 33 63 66 68,,N/A
2023-11-22,20 21 24 33 39 42,,N/A
2023-11-20,13 19 26 30 39 63,,N/A
2023-11-18,20 34 50 51 61 67,,N/A
2023-11-15,3 4 6 51 53 60,,N/A
2023-11-13,21 24 33 35 37 42,,N/A
2023-11-11,1 7 12 14 24 57,,N/A
2023-11-08,14 20 21 33 39 62,,N/A
2023-11-06,12 25 26 40 59 61,,N/A
2023-11-04,1 6 28 30 34 52,,N/A
2023-11-01,12 22 26 39 47 63,,N/A
2023-10-30,5 19 22 34 66 69,,N/A
2023-10-28,2 14 24 50 59 64,,N/A
2023-10-25,2 25 27 41 53 68,,N/A
2023-10-23,18 21 21 25 46 64,,N/A
2023-10-21,6 11 15 24 67 68,,N/A
2023-10-18,1 4 13 24 35 58,,N/A
2023-10-16,2 18 27 31 44 64,,N/A
2023-10-14,14 14 16 42 48 64,,N/A
2023-10-11,10 22 24 40 52 64,,N/A
2023-10-09,14 16 34 46 55 67,,N/A
2023-10-07,19 47 54 57 60 65,,N/A
2023-10-04,1 9 35 54 63 64,,N/A
2023-10-02,5 12 26 27 43 47,,N/A
2023-09-30,19 22 30 37 44 46,,N/A
2023-09-27,1 7 7 46 47 63,,N/A
2023-09-25,4 10 12 22 36 50,,N/A
2023-09-23,1 12 20 21 33 66,,N/A
2023-09-20,16 23 27 59 62 63,,N/A
2023-09-18,2 9 21 26 40 42,,N/A
2023-09-16,5 8 11 19 24 46,,N/A
2023-09-13,18 22 30 37 44 45,,N/A
2023-09-11,5 9 25 27 53 66,,N/A
2023-09-09,11 19 25 29 63 68,,N/A
2023-09-06,1 9 14 20 23 63,,N/A
2023-09-04,1 13 26 32 46 51,,N/A
2023-09-02,19 25 38 42 66 67,,N/A
2023-08-30,4 4 13 35 61 69,,N/A
2023-08-28,4 6 25 26 55 68,,N/A
2023-08-26,5 20 22 26 28 63,,N/A
2023-08-23,20 25 30 32 33 55,,N/A
2023-08-21,3 4 12 16 22 28,,N/A
2023-08-19,1 13 25 27 38 62,,N/A
2023-08-16,1 9 11 17 19 55,,N/A
2023-08-14,3 32 34 37 39 47,,N/A
2023-08-12,19 21 26 37 50 65,,N/A
2023-08-09,3 10 15 21 67 69,,N/A
2023-08-07,6 13 20 22 35 54,,N/A
2023-08-05,18 23 42 44 62 65,,N/A
2023-08-02,5 23 24 33 51 64,,N/A
2023-07-31,2 11 13 48 58 65,,N/A
2023-07-29,2 10 25 27 34 38,,N/A
2023-07-26,3 14 16 40 48 60,,N/A
2023-07-24,3 4 12 25 28 49,,N/A
2023-07-22,7 25 27 36 37 63,,N/A
2023-07-19,7 10 11 13 24 24,,N/A
2023-07-17,5 8 9 17 21 41,,N/A
2023-07-15,2 9 18 43 55 57,,N/A
2023-07-12,20 23 35 45 66 67,,N/A
2023-07-10,2 13 24 34 53 58,,N/A
2023-07-08,7 18 23 24 32 43,,N/A
2023-07-05,17 23 24 48 62 68,,N/A
2023-07-03,3 15 26 31 38 61,,N/A
2023-07-01,4 8 17 35 49 61,,N/A
2023-06-28,4 19 25 34 57 68,,N/A
2023-06-26,6 12 28 39 43 54,,N/A
2023-06-24,2 19 38 44 50 62,,N/A
2023-06-21,5 11 14 33 35 63,,N/A
2023-06-19,1 36 39 52 57 69,,N/A
2023-06-17,2 12 26 45 61 64,,N/A
2023-06-14,3 4 20 36 42 64,,N/A
2023-06-12,2 3 7 16 23 68,,N/A
2023-06-10,4 21 32 42 46 50,,N/A
2023-06-07,2 16 21 29 53 66,,N/A
2023-06-05,2 20 31 45 46 49,,N/A
2023-06-03,15 18 45 64 67 68,,N/A
2023-05-31,2 4 14 54 61 62,,N/A
2023-05-29,21 24 33 35 62 64,,N/A
2023-05-27,4 24 38 39 48 56,,N/A
2023-05-24,12 21 26 44 50 58,,N/A
2023-05-22,9 25 38 48 52 68,,N/A
2023-05-20,17 23 23 32 38 63,,N/A
2023-05-17,14 18 34 37 45 51,,N/A
2023-05-15,1 25 26 28 55 58,,N/A
2023-05-13,3 11 15 20 23 46,,N/A
2023-05-10,3 21 24 33 55 69,,N/A
2023-05-08,12 15 20 33 36 43,,N/A
2023-05-06,6 31 39 47 51 53,,N/A
2023-05-03,21 23 26 30 45 47,,N/A
2023-05-01,1 3 38 55 61 66,,N/A
2023-04-29,8 16 53 54 57 65,,N/A
2023-04-26,2 6 15 30 35 49,,N/A
2023-04-24,3 19 21 55 66 68,,N/A
2023-04-22,17 25 36 47 63 68,,N/A
2023-04-19,4 11 11 21 38 64,,N/A
2023-04-17,23 25 25 35 63 64,,N/A
2023-04-15,1 18 33 34 56 59,,N/A
2023-04-12,4 9 36 41 44 59,,N/A
2023-04-10,9 10 14 36 46 52,,N/A
2023-04-08,11 18 22 24 51 60,,N/A
2023-04-05,3 5 9 11 42 52,,N/A
2023-04-03,1 16 30 31 54 68,,N/A
2023-04-01,11 17 19 21 29 52,,N/A
2023-03-29,4 7 9 24 46 66,,N/A
2023-03-27,14 19 26 36 43 58,,N/A
2023-03-25,15 17 18 19 47 57,,N/A
2023-03-22,5 27 28 37 50 57,,N/A
2023-03-20,1 14 27 32 47 67,,N/A
2023-03-18,11 14 20 30 54 69,,N/A
2023-03-15,8 16 18 33 37 50,,N/A
2023-03-13,3 4 10 24 46 63,,N/A
2023-03-11,11 20 24 33 43 58,,N/A
2023-03-08,4 26 27 43 61 69,,N/A
2023-03-06,2 4 13 29 58 69,,N/A
2023-03-04,10 16 16 18 40 66,,N/A
2023-03-01,2 4 9 28 36 53,,N/A
2023-02-27,16 23 28 49 51 55,,N/A
2023-02-25,11 24 26 58 66 67,,N/A
2023-02-22,7 11 19 39 44 65,,N/A
2023-02-20,3 15 17 26 38 54,,N/A
2023-02-18,8 21 23 31 32 37,,N/A
2023-02-15,12 31 32 54 60 63,,N/A
2023-02-13,2 17 26 37 61 65,,N/A
2023-02-11,10 11 23 30 54 65,,N/A
2023-02-08,9 52 58 59 64 66,,N/A
2023-02-06,5 7 11 22 23 69,,N/A
2023-02-04,2 8 10 15 19 58,,N/A
2023-02-01,9 31 43 58 59 66,,N/A
2023-01-30,1 4 5 12 36 49,,N/A
2023-01-28,2 15 18 23 27 47,,N/A
2023-01-25,9 17 18 20 38 40,,N/A
2023-01-23,12 23 31 47 58 60,,N/A
2023-01-21,5 14 19 22 46 64,,N/A
2023-01-18,6 15 22 26 42 47,,N/A
2023-01-16,3 4 14 33 39 61,,N/A
2023-01-14,23 24 26 39 47 57,,N/A
2023-01-11,4 5 8 46 47 48,,N/A
2023-01-09,14 18 43 48 60 69,,N/A
2023-01-07,14 35 36 44 45 67,,N/A
2023-01-04,12 26 32 56 67 68,,N/A
2023-01-02,7 9 12 22 31 62,,N/A
2022-12-31,11 18 37 44 50 64,,N/A
2022-12-28,1 26 32 38 45 56,,N/A
2022-12-26,17 17 41 47 60 61,,N/A
2022-12-24,8 17 37 46 54 67,,N/A
2022-12-21,12 14 15 24 34 59,,N/A
2022-12-19,7 12 37 55 65 67,,N/A
2022-12-17,12 33 56 64 66 68,,N/A
2022-12-14,25 36 51 59 66 68,,N/A
2022-12-12,9 16 31 50 55 61,,N/A
2022-12-10,9 19 23 47 49 68,,N/A
2022-12-07,6 21 28 44 59 61,,N/A
2022-12-05,14 35 45 47 54 55,,N/A
2022-12-03,6 7 13 33 36 37,,N/A
2022-11-30,4 10 19 24 47 66,,N/A
2022-11-28,20 29 30 32 48 50,,N/A
2022-11-26,3 15 30 47 50 51,,N/A
2022-11-23,1 2 25 31 39 66,,N/A
2022-11-21,1 2 6 40 51 67,,N/A
2022-11-19,7 10 28 62 63 64,,N/A
2022-11-16,11 28 34 51 53 56,,N/A
2022-11-14,19 21 35 53 54 67,,N/A
2022-11-12,6 16 20 44 57 58,,N/A
2022-11-09,7 7 14 24 30 56,,N/A
2022-11-05,20 28 45 53 56 69,,N/A
2022-11-02,2 11 22 23 35 60,,N/A
2022-10-31,13 13 19 36 39 59,,N/A
2022-10-29,19 23 31 40 46 57,,N/A
2022-10-26,19 24 36 37 46 56,,N/A
2022-10-24,16 18 23 35 45 54,,N/A
2022-10-22,18 19 25 48 55 60,,N/A
2022-10-19,6 8 10 15 27 42,,N/A
2022-10-17,19 25 30 36 46 60,,N/A
2022-10-15,15 32 37 40 58 62,,N/A
2022-10-12,6 14 30 41 42 59,,N/A
2022-10-10,3 6 11 11 17 22,,N/A
2022-10-08,5 13 43 53 60 68,,N/A
2022-10-05,6 26 30 33 37 62,,N/A
2022-10-03,2 16 22 22 55 63,,N/A
2022-10-01,8 21 22 26 65 69,,N/A
2022-09-28,6 10 11 24 33 67,,N/A
2022-09-26,13 20 20 31 33 59,,N/A
2022-09-24,3 9 14 21 24 29,,N/A
2022-09-21,6 7 33 34 45 54,,N/A
2022-09-19,7 7 15 36 46 67,,N/A
2022-09-17,1 5 25 36 51 61,,N/A
2022-09-14,9 10 20 22 25 52,,N/A
2022-09-12,6 14 16 25 34 66,,N/A
2022-09-10,4 38 42 56 68 69,,N/A
2022-09-07,3 16 20 30 33 36,,N/A
2022-09-05,4 7 25 32 55 64,,N/A
2022-09-03,9 18 27 49 65 69,,N/A
2022-08-31,1 7 8 19 24 28,,N/A
2022-08-29,13 18 36 43 61 69,,N/A
2022-08-27,2 14 18 56 60 65,,N/A
2022-08-24,6 22 24 35 37 44,,N/A
2022-08-22,9 12 27 34 55 67,,N/A
2022-08-20,5 7 9 11 16 66,,N/A
2022-08-17,23 24 28 41 50 55,,N/A
2022-08-15,5 20 24 47 50 63,,N/A
2022-08-13,2 19 24 35 43 62,,N/A
2022-08-10,19 29 44 59 61 68,,N/A
2022-08-08,12 32 45 51 57 58,,N/A
2022-08-06,3 8 15 46 56 68,,N/A
2022-08-03,9 11 21 56 57 66,,N/A
2022-08-01,15 16 21 31 36 65,,N/A
2022-07-30,4 12 17 57 58 68,,N/A
2022-07-27,1 25 26 44 55 57,,N/A
2022-07-25,5 25 37 38 39 65,,N/A
2022-07-23,12 39 41 54 59 62,,N/A
2022-07-20,10 20 22 23 49 65,,N/A
2022-07-18,5 14 34 36 50 58,,N/A
2022-07-16,3 18 21 23 32 57,,N/A
2022-07-13,2 22 23 36 47 63,,N/A
2022-07-11,4 9 26 34 37 52,,N/A
2022-07-09,14 22 24 42 46 52,,N/A
2022-07-06,13 32 36 49 62 69,,N/A
2022-07-04,4 15 16 24 31 56,,N/A
2022-07-02,9 10 26 37 59 62,,N/A
2022-06-29,8 14 40 49 58 63,,N/A
2022-06-27,11 13 16 18 30 37,,N/A
2022-06-25,4 6 12 20 27 32,,N/A
2022-06-22,6 10 12 31 48 56,,N/A
2022-06-20,3 13 44 61 63 69,,N/A
2022-06-18,10 19 25 40 45 58,,N/A
2022-06-15,7 19 28 41 42 51,,N/A
2022-06-13,2 25 27 42 44 51,,N/A
2022-06-11,5 18 20 26 53 69,,N/A
2022-06-08,7 22 39 43 62 64,,N/A
2022-06-06,2 4 10 35 44 46,,N/A
2022-06-04,14 16 16 36 52 60,,N/A
2022-06-01,2 11 41 56 57 63,,N/A
2022-05-30,22 27 28 51 68 69,,N/A
2022-05-28,2 15 39 50 61 66,,N/A
2022-05-25,17 19 28 39 42 57,,N/A
2022-05-23,1 26 33 37 39 42,,N/A
2022-05-21,11 14 15 25 52 58,,N/A
2022-05-18,17 40 41 58 64 65,,N/A
2022-05-16,7 13 15 22 36 64,,N/A
2022-05-14,6 9 40 41 45 52,,N/A
2022-05-11,5 7 18 61 63 69,,N/A
2022-05-09,5 18 30 35 52 56,,N/A
2022-05-07,4 5 6 10 28 67,,N/A
2022-05-04,23 37 39 55 63 69,,N/A
2022-05-02,8 18 27 33 39 44,,N/A
2022-04-30,1 14 21 37 44 63,,N/A
2022-04-27,4 11 36 61 62 68,,N/A
2022-04-25,10 12 18 20 39 61,,N/A
2022-04-23,8 10 39 47 49 56,,N/A
2022-04-20,14 20 30 45 55 56,,N/A
2022-04-18,8 18 33 55 59 62,,N/A
2022-04-16,15 21 26 32 62 65,,N/A
2022-04-13,14 16 26 41 63 68,,N/A
2022-04-11,4 5 7 24 31 34,,N/A
2022-04-06,6 18 42 45 47 64,,N/A
2022-04-04,2 6 32 39 46 69,,N/A
2022-04-02,6 18 28 47 58 59,,N/A
2022-03-30,3 7 11 21 31 37,,N/A
2022-03-28,3 11 18 39 58 62,,N/A
2022-03-26,2 6 10 50 59 61,,N/A
2022-03-23,24 31 32 37 38 48,,N/A
2022-03-21,1 15 16 26 63 65,,N/A
2022-03-19,6 8 9 18 48 52,,N/A
2022-03-16,3 17 28 34 35 58,,N/A
2022-03-14,6 21 28 32 44 49,,N/A
2022-03-09,10 13 22 34 51 67,,N/A
2022-03-07,2 10 43 55 59 67,,N/A
2022-03-05,8 13 23 37 52 63,,N/A
2022-03-02,12 19 37 48 61 63,,N/A
2022-02-28,7 19 21 39 47 55,,N/A
2022-02-26,15 19 32 36 48 64,,N/A
2022-02-23,6 17 18 21 35 64,,N/A
2022-02-21,2 3 36 37 45 69,,N/A
2022-02-19,3 10 11 15 33 42,,N/A
2022-02-16,16 22 30 40 42 48,,N/A
2022-02-14,16 17 25 27 49 55,,N/A
2022-02-12,7 8 10 21 41 62,,N/A
2022-02-09,2 17 26 33 51 63,,N/A
2022-02-07,5 10 15 38 47 65,,N/A
2022-02-05,5 16 24 27 39 61,,N/A
2022-02-02,15 18 29 33 62 63,,N/A
2022-01-31,10 14 15 51 61 69,,N/A
2022-01-29,2 11 15 38 54 65,,N/A
2022-01-26,4 11 16 38 49 69,,N/A
2022-01-24,11 16 29 30 47 53,,N/A
2022-01-22,8 14 17 33 36 67,,N/A
2022-01-19,10 11 15 43 55 61,,N/A
2022-01-17,9 22 24 35 46 65,,N/A
2022-01-15,3 13 18 37 51 59,,N/A
2022-01-12,12 21 22 24 30 33,,N/A
2022-01-10,9 14 17 18 21 27,,N/A
2022-01-08,13 20 21 36 60 65,,N/A
2022-01-05,6 14 17 25 33 46,,N/A
2022-01-03,2 13 22 32 33 48,,N/A
2022-01-01,6 7 12 39 48 50,,N/A
2021-12-29,2 6 9 11 33 39,,N/A
2021-12-27,19 36 38 45 62 64,,N/A
2021-12-25,2 27 29 45 55 58,,N/A
2021-12-22,7 15 16 19 48 68,,N/A
2021-12-20,2 2 13 23 34 66,,N/A
2021-12-18,1 2 6 24 51 61,,N/A
2021-12-15,15 19 20 40 42 59,,N/A
2021-12-13,4 10 30 37 53 59,,N/A
2021-12-11,3 10 25 44 53 64,,N/A
2021-12-08,3 7 24 33 50 69,,N/A
2021-12-06,3 6 21 38 50 59,,N/A
2021-12-04,2 10 40 45 56 67,,N/A
2021-12-01,12 15 24 38 57 63,,N/A
2021-11-29,17 18 26 28 38 47,,N/A
2021-11-27,8 10 32 55 64 66,,N/A
2021-11-24,10 16 17 32 63 65,,N/A
2021-11-22,7 20 22 29 38 67,,N/A
2021-11-20,19 40 43 48 59 69,,N/A
2021-11-17,1 3 16 48 52 60,,N/A
2021-11-15,5 23 31 34 51 53,,N/A
2021-11-13,8 9 15 26 35 45,,N/A
2021-11-10,14 19 25 43 46 48,,N/A
2021-11-08,8 21 46 47 57 62,,N/A
2021-11-06,8 9 30 48 57 64,,N/A
2021-11-03,1 2 24 26 50 57,,N/A
2021-11-01,8 9 25 34 44 45,,N/A
2021-10-30,5 19 23 28 43 56,,N/A
2021-10-27,3 6 17 26 35 51,,N/A
2021-10-25,10 24 27 29 44 58,,N/A
2021-10-23,10 20 30 51 57 63,,N/A
2021-10-20,5 7 29 36 41 43,,N/A
2021-10-18,12 30 32 48 53 63,,N/A
2021-10-16,3 30 31 41 42 48,,N/A
2021-10-13,15 23 29 47 59 60,,N/A
2021-10-11,11 20 24 33 39 65,,N/A
2021-10-09,5 12 17 30 45 62,,N/A
2021-10-06,1 1 17 52 58 64,,N/A
2021-10-04,12 15 22 54 66 69,,N/A
2021-10-02,1 28 38 42 47 52,,N/A
2021-09-29,2 7 11 11 17 32,,N/A
2021-09-27,12 21 22 39 44 60,,N/A
2021-09-25,19 22 23 37 62 63,,N/A
2021-09-22,5 20 40 47 55 63,,N/A
2021-09-20,19 37 51 54 58 60,,N/A
2021-09-18,5 11 36 39 45 57,,N/A
2021-09-15,1 4 18 25 46 62,,N/A
2021-09-13,21 37 40 50 61 63,,N/A
2021-09-11,20 21 31 38 40 49,,N/A
2021-09-08,9 21 22 41 47 61,,N/A
2021-09-06,11 20 22 24 33 54,,N/A
2021-09-04,1 32 35 40 52 54,,N/A
2021-09-01,10 17 20 29 48 51,,N/A
2021-08-30,3 8 15 45 51 61,,N/A
2021-08-28,12 22 26 26 46 59,,N/A
2021-08-25,24 27 39 54 56 59,,N/A
2021-08-23,15 17 36 47 60 61,,N/A
2021-08-21,4 16 28 36 39 59,,N/A
2021-08-18,26 35 36 51 55 61,,N/A
2021-08-14,6 18 21 49 65 67,,N/A
2021-08-11,12 16 18 20 29 30,,N/A
2021-08-07,7 23 24 36 54 60,,N/A
2021-08-04,5 14 21 32 36 58,,N/A
2021-07-31,1 4 21 22 34 47,,N/A
2021-07-28,5 25 30 53 59 60,,N/A
2021-07-24,1 4 10 11 59 67,,N/A
2021-07-21,11 27 28 44 67 68,,N/A
2021-07-17,3 15 22 38 54 66,,N/A
2021-07-14,10 33 46 52 59 62,,N/A
2021-07-10,1 3 5 29 54 62,,N/A
2021-07-07,8 8 21 30 49 57,,N/A
2021-07-03,24 26 40 41 55 65,,N/A
2021-06-30,14 24 29 50 65 66,,N/A
2021-06-26,8 17 31 39 43 60,,N/A
2021-06-23,1 13 20 40 51 63,,N/A
2021-06-19,4 20 22 35 38 39,,N/A
2021-06-16,19 25 29 34 44 50,,N/A
2021-06-12,8 10 25 34 38 41,,N/A
2021-06-09,9 19 28 46 50 54,,N/A
2021-06-05,26 44 52 54 64 69,,N/A
2021-06-02,6 7 11 19 66 67,,N/A
2021-05-29,11 13 20 22 27 46,,N/A
2021-05-26,2 8 16 21 34 62,,N/A
2021-05-22,3 8 19 27 37 40,,N/A
2021-05-19,4 11 13 55 56 69,,N/A
2021-05-15,4 10 24 37 39 69,,N/A
2021-05-12,1 17 19 20 38 54,,N/A
2021-05-08,8 12 17 20 21 26,,N/A
2021-05-05,1 16 23 28 40 63,,N/A
2021-05-01,3 35 36 47 61 63,,N/A
2021-04-24,22 22 36 48 59 61,,N/A
2021-04-21,6 21 25 32 63 67,,N/A
2021-04-17,10 21 25 26 41 49,,N/A
2021-04-14,13 14 30 33 45 61,,N/A
2021-04-10,3 14 16 23 50 53,,N/A
2021-04-07,16 27 35 39 51 66,,N/A
2021-04-03,1 5 12 17 39 53,,N/A
2021-03-31,3 10 24 44 55 68,,N/A
2021-03-27,6 6 14 38 39 65,,N/A
2021-03-24,4 9 17 18 27 38,,N/A
2021-03-20,1 4 6 22 42 61,,N/A
2021-03-17,19 34 38 42 61 62,,N/A
2021-03-13,2 5 11 51 56 61,,N/A
2021-03-10,17 18 18 37 44 53,,N/A
2021-03-06,11 18 31 50 52 58,,N/A
2021-03-03,16 21 40 44 50 55,,N/A
2021-02-27,2 18 28 31 44 52,,N/A
2021-02-24,4 21 33 43 53 65,,N/A
2021-02-20,4 4 8 22 32 58,,N/A
2021-02-17,1 1 15 21 32 46,,N/A
2021-02-13,20 20 28 33 63 68,,N/A
2021-02-10,7 15 39 58 63 67,,N/A
2021-02-06,1 8 16 48 49 65,,N/A
2021-02-03,5 5 37 40 64 66,,N/A
2021-01-30,1 2 4 7 52 61,,N/A
2021-01-27,9 17 33 35 42 52,,N/A
2021-01-23,5 8 14 17 27 28,,N/A
2021-01-20,22 40 53 60 68 69,,N/A
2021-01-16,2 14 20 39 65 67,,N/A
2021-01-13,4 14 19 23 25 49,,N/A
2021-01-09,13 14 26 38 45 46,,N/A
2021-01-06,1 3 20 22 60 66,,N/A
2021-01-02,3 4 5 11 41 67,,N/A
2020-12-30,3 14 43 45 61 65,,N/A
2020-12-26,10 18 24 27 35 53,,N/A
2020-12-23,6 6 13 38 39 53,,N/A
2020-12-19,13 27 32 34 43 52,,N/A
2020-12-16,4 7 23 37 61 67,,N/A
2020-12-12,17 20 54 56 63 69,,N/A
2020-12-09,4 11 14 31 47 48,,N/A
2020-12-05,3 4 6 10 48 53,,N/A
2020-12-02,4 28 31 40 41 46,,N/A
2020-11-28,8 12 18 18 44 51,,N/A
2020-11-25,2 26 57 58 60 65,,N/A
2020-11-21,11 51 54 57 60 69,,N/A
2020-11-18,4 5 5 17 43 52,,N/A
2020-11-14,7 15 18 20 32 45,,N/A
2020-11-11,13 13 15 17 45 63,,N/A
2020-11-07,14 16 18 37 48 58,,N/A
2020-11-04,14 23 32 33 45 49,,N/A
2020-10-31,2 6 24 40 42 55,,N/A
2020-10-28,11 13 28 37 40 53,,N/A
2020-10-24,6 18 20 27 45 65,,N/A
2020-10-21,1 3 13 26 44 56,,N/A
2020-10-17,6 10 23 31 37 44,,N/A
2020-10-14,5 21 37 52 53 58,,N/A
2020-10-10,5 18 18 23 40 50,,N/A
2020-10-07,6 19 24 30 53 56,,N/A
2020-10-03,18 20 31 36 43 47,,N/A
2020-09-30,14 18 18 36 49 67,,N/A
2020-09-26,11 21 24 27 36 62,,N/A
2020-09-23,1 8 17 49 52 59,,N/A
2020-09-19,11 14 14 23 47 57,,N/A
2020-09-16,1 10 17 31 51 53,,N/A
2020-09-12,4 16 17 20 53 67,,N/A
2020-09-09,21 27 52 55 60 64,,N/A
2020-09-05,7 15 21 22 27 47,,N/A
2020-09-02,1 4 11 18 20 69,,N/A
2020-08-29,5 10 21 22 29 43,,N/A
2020-08-26,2 8 12 19 47 58,,N/A
2020-08-22,14 19 30 36 42 66,,N/A
2020-08-19,13 23 23 47 55 58,,N/A
2020-08-15,3 5 12 34 45 56,,N/A
2020-08-12,2 6 18 21 36 37,,N/A
2020-08-08,2 3 14 24 40 51,,N/A
2020-08-05,7 14 17 24 57 65,,N/A
2020-08-01,6 24 25 36 43 48,,N/A
2020-07-29,7 26 29 35 40 45,,N/A
2020-07-25,5 18 21 36 61 62,,N/A
2020-07-22,14 16 25 36 44 55,,N/A
2020-07-18,9 13 16 32 58 59,,N/A
2020-07-15,4 27 47 61 62 69,,N/A
2020-07-11,4 14 19 61 62 64,,N/A
2020-07-08,3 5 10 34 36 62,,N/A
2020-07-04,6 16 21 27 60 61,,N/A
2020-07-01,15 18 28 52 53 63,,N/A
2020-06-27,8 9 36 49 56 62,,N/A
2020-06-24,15 22 23 27 33 46,,N/A
2020-06-20,5 10 31 41 63 67,,N/A
2020-06-17,7 10 10 63 64 68,,N/A
2020-06-13,2 5 12 32 50 65,,N/A
2020-06-10,10 18 33 41 52 54,,N/A
2020-06-06,1 17 18 38 68 69,,N/A
2020-06-03,1 3 17 26 41 64,,N/A
2020-05-30,13 14 32 41 58 60,,N/A
2020-05-27,21 38 58 59 64 68,,N/A
2020-05-23,2 8 16 18 21 23,,N/A
2020-05-20,9 18 34 40 42 50,,N/A
2020-05-16,8 11 12 26 39 42,,N/A
2020-05-13,20 39 53 54 56 57,,N/A
2020-05-09,12 18 19 42 48 65,,N/A
2020-05-06,7 8 20 35 50 65,,N/A
2020-05-02,13 16 24 33 58 68,,N/A
2020-04-29,2 20 20 49 61 67,,N/A
2020-04-25,1 3 18 21 47 57,,N/A
2020-04-22,1 24 33 35 40 69,,N/A
2020-04-18,4 19 44 46 56 63,,N/A
2020-04-15,2 10 12 33 36 41,,N/A
2020-04-11,17 22 29 30 42 47,,N/A
2020-04-08,2 5 37 39 48 54,,N/A
2020-04-04,4 8 31 39 40 43,,N/A
2020-04-01,16 33 35 45 48 60,,N/A
2020-03-28,7 11 40 48 55 66,,N/A
2020-03-25,5 9 16 27 39 42,,N/A
2020-03-21,2 13 23 40 59 69,,N/A
2020-03-18,8 15 27 44 59 63,,N/A
2020-03-14,8 9 23 26 30 32,,N/A
2020-03-11,2 4 29 49 50 67,,N/A
2020-03-07,7 15 21 23 33 62,,N/A
2020-03-04,14 18 43 58 60 68,,N/A
2020-02-29,13 24 44 46 50 51,,N/A
2020-02-26,8 24 27 29 36 47,,N/A
2020-02-22,11 25 37 39 61 62,,N/A
2020-02-19,10 12 15 19 19 56,,N/A
2020-02-15,3 16 32 35 36 46,,N/A
2020-02-12,14 25 47 54 55 68,,N/A
2020-02-08,6 35 49 50 59 66,,N/A
2020-02-05,2 23 30 35 41 57,,N/A
2020-02-01,12 13 33 54 57 60,,N/A
2020-01-29,2 9 12 15 31 60,,N/A
2020-01-25,2 9 17 18 36 67,,N/A
2020-01-22,8 11 33 44 59 67,,N/A
2020-01-18,18 20 24 38 56 68,,N/A
2020-01-15,19 39 41 53 55 68,,N/A
2020-01-11,3 3 21 23 31 59,,N/A
2020-01-08,2 4 7 22 43 56,,N/A
2020-01-04,1 7 11 21 25 54,,N/A
2020-01-01,26 49 53 57 59 62,,N/A
2019-12-28,18 20 23 39 59 60,,N/A
2019-12-25,2 4 16 20 30 46,,N/A
2019-12-21,14 19 31 35 50 67,,N/A
2019-12-18,9 14 18 26 39 68,,N/A
2019-12-14,3 6 12 19 32 64,,N/A
2019-12-11,10 24 29 42 44 63,,N/A
2019-12-07,18 25 42 53 62 66,,N/A
2019-12-04,8 14 27 44 51 61,,N/A
2019-11-30,15 18 35 42 63 68,,N/A
2019-11-27,15 21 26 37 53 55,,N/A
2019-11-23,23 28 35 38 61 66,,N/A
2019-11-20,7 12 15 39 40 57,,N/A
2019-11-16,14 22 26 26 55 63,,N/A
2019-11-13,11 23 26 27 28 66,,N/A
2019-11-09,14 17 25 35 38 60,,N/A
2019-11-06,15 17 28 46 62 64,,N/A
2019-11-02,3 22 23 32 37 58,,N/A
2019-10-30,19 21 22 52 56 67,,N/A
2019-10-26,3 4 20 48 54 59,,N/A
2019-10-23,5 12 23 50 61 69,,N/A
2019-10-19,12 14 27 29 59 65,,N/A
2019-10-16,1 3 5 25 63 67,,N/A
2019-10-12,12 23 29 34 53 65,,N/A
2019-10-09,2 5 18 33 43 65,,N/A
2019-10-05,4 6 14 36 51 54,,N/A
2019-10-02,4 7 8 10 43 53,,N/A
2019-09-28,4 15 23 34 51 55,,N/A
2019-09-25,25 37 43 44 45 53,,N/A
2019-09-21,1 9 22 22 36 68,,N/A
2019-09-18,14 15 19 39 47 51,,N/A
2019-09-14,11 11 27 31 36 67,,N/A
2019-09-11,3 6 17 24 53 57,,N/A
2019-09-07,6 11 20 41 42 56,,N/A
2019-09-04,2 4 8 30 52 59,,N/A
2019-08-31,14 18 41 50 56 57,,N/A
2019-08-28,9 14 32 37 41 56,,N/A
2019-08-24,1 5 12 20 21 47,,N/A
2019-08-21,12 21 21 22 29 32,,N/A
2019-08-17,18 20 21 24 30 60,,N/A
2019-08-14,10 10 13 30 51 69,,N/A
2019-08-10,3 35 41 44 58 59,,N/A
2019-08-07,3 8 32 47 53 59,,N/A
2019-08-03,3 6 13 45 66 68,,N/A
2019-07-31,6 14 37 47 55 67,,N/A
2019-07-27,1 6 19 31 48 61,,N/A
2019-07-24,13 22 29 35 53 56,,N/A
2019-07-20,5 19 26 36 64 69,,N/A
2019-07-17,10 19 43 47 60 68,,N/A
2019-07-13,13 21 23 32 35 68,,N/A
2019-07-10,3 7 9 26 44 68,,N/A
2019-07-06,1 4 8 23 46 65,,N/A
2019-07-03,25 40 43 45 50 61,,N/A
2019-06-29,8 13 17 24 59 62,,N/A
2019-06-26,1 5 16 22 24 54,,N/A
2019-06-22,3 6 11 14 21 66,,N/A
2019-06-19,1 4 18 21 26 38,,N/A
2019-06-15,8 11 14 14 16 49,,N/A
2019-06-12,5 13 35 38 42 57,,N/A
2019-06-08,9 13 18 42 48 60,,N/A
2019-06-05,8 17 23 28 34 38,,N/A
2019-06-01,6 8 15 34 45 52,,N/A
2019-05-29,3 7 32 34 42 61,,N/A
2019-05-25,1 2 2 39 43 66,,N/A
2019-05-22,3 7 10 20 44 57,,N/A
2019-05-18,2 10 25 26 66 67,,N/A
2019-05-15,4 7 17 33 61 68,,N/A
2019-05-11,6 8 9 26 37 40,,N/A
2019-05-08,1 3 45 53 64 66,,N/A
2019-05-04,2 6 16 23 30 61,,N/A
2019-05-01,5 17 23 28 56 66,,N/A
2019-04-27,2 6 29 41 45 62,,N/A
2019-04-24,4 6 32 35 36 65,,N/A
2019-04-20,1 3 27 30 63 65,,N/A
2019-04-17,1 15 15 17 46 66,,N/A
2019-04-13,4 10 17 26 32 49,,N/A
2019-04-10,6 12 21 23 39 67,,N/A
2019-04-06,8 15 33 43 59 60,,N/A
2019-04-03,16 18 19 25 32 49,,N/A
2019-03-30,4 21 52 54 64 68,,N/A
2019-03-27,12 16 20 37 44 62,,N/A
2019-03-23,5 24 25 52 60 66,,N/A
2019-03-20,10 14 21 50 53 63,,N/A
2019-03-16,11 30 34 39 53 67,,N/A
2019-03-13,14 18 36 45 47 69,,N/A
2019-03-09,5 6 14 45 55 59,,N/A
2019-03-06,6 10 21 23 35 46,,N/A
2019-03-02,1 19 21 25 27 68,,N/A
2019-02-27,21 23 31 42 49 59,,N/A
2019-02-23,4 6 13 14 20 32,,N/A
2019-02-20,2 27 49 50 51 52,,N/A
2019-02-16,1 29 30 41 48 64,,N/A
2019-02-13,2 8 14 24 26 69,,N/A
2019-02-09,1 2 3 7 25 39,,N/A
2019-02-06,5 13 21 28 38 63,,N/A
2019-02-02,10 13 17 18 43 65,,N/A
2019-01-30,2 6 12 16 29 54,,N/A
2019-01-26,8 10 12 20 21 32,,N/A
2019-01-23,23 24 25 47 48 50,,N/A
2019-01-19,5 8 20 41 65 66,,N/A
2019-01-16,1 14 29 31 56 61,,N/A
2019-01-12,7 24 36 48 57 58,,N/A
2019-01-09,6 19 22 37 49 59,,N/A
2019-01-05,3 7 15 19 27 69,,N/A
2019-01-02,8 12 12 42 46 56,,N/A
2018-12-29,12 25 42 51 53 62,,N/A
2018-12-26,5 24 25 38 52 67,,N/A
2018-12-22,21 26 28 30 40 59,,N/A
2018-12-19,15 16 29 31 37 43,,N/A
2018-12-15,8 17 38 43 52 55,,N/A
2018-12-12,4 9 21 26 29 64,,N/A
2018-12-08,10 14 32 34 46 61,,N/A
2018-12-05,9 11 11 36 37 38,,N/A
2018-12-01,10 11 26 47 55 58,,N/A
2018-11-28,4 19 21 59 68 69,,N/A
2018-11-24,11 18 33 51 56 58,,N/A
2018-11-21,7 14 18 23 38 55,,N/A
2018-11-17,5 6 8 20 52 68,,N/A
2018-11-14,7 23 42 49 62 69,,N/A
2018-11-10,5 24 29 34 53 57,,N/A
2018-11-07,25 26 28 34 42 50,,N/A
2018-11-03,11 15 21 24 32 65,,N/A
2018-10-31,7 20 25 39 40 47,,N/A
2018-10-27,4 8 12 13 19 27,,N/A
2018-10-24,3 21 22 45 53 56,,N/A
2018-10-20,16 23 54 57 62 69,,N/A
2018-10-17,3 15 57 64 68 69,,N/A
2018-10-13,11 14 15 32 43 65,,N/A
2018-10-10,7 8 23 27 42 60,,N/A
2018-10-06,1 15 22 27 53 67,,N/A
2018-10-03,3 41 53 59 63 66,,N/A
2018-09-29,9 17 22 34 59 64,,N/A
2018-09-26,1 2 7 8 30 50,,N/A
2018-09-22,18 24 61 63 64 69,,N/A
2018-09-19,4 11 39 48 50 51,,N/A
2018-09-15,2 3 18 19 24 34,,N/A
2018-09-12,6 24 28 48 63 64,,N/A
2018-09-08,3 13 20 21 32 33,,N/A
2018-09-05,6 13 15 50 59 60,,N/A
2018-09-01,9 11 54 55 61 66,,N/A
2018-08-29,12 25 41 53 57 67,,N/A
2018-08-25,8 20 25 54 57 63,,N/A
2018-08-22,1 7 13 45 47 69,,N/A
2018-08-18,16 24 34 52 61 67,,N/A
2018-08-15,12 15 16 28 47 48,,N/A
2018-08-11,5 24 43 56 62 68,,N/A
2018-08-08,10 17 21 30 43 63,,N/A
2018-08-04,2 3 11 38 44 58,,N/A
2018-08-01,5 22 26 32 38 58,,N/A
2018-07-28,13 22 27 46 56 65,,N/A
2018-07-25,2 18 26 41 44 64,,N/A
2018-07-21,1 9 23 56 58 68,,N/A
2018-07-18,1 10 12 27 28 36,,N/A
2018-07-14,11 22 41 42 49 67,,N/A
2018-07-11,7 19 21 27 46 47,,N/A
2018-07-07,1 10 22 43 45 64,,N/A
2018-07-04,4 7 10 15 41 44,,N/A
2018-06-30,3 9 20 24 42 61,,N/A
2018-06-27,7 15 28 37 62 63,,N/A
2018-06-23,16 25 29 43 45 56,,N/A
2018-06-20,4 13 14 23 27 56,,N/A
2018-06-16,9 9 45 57 58 65,,N/A
2018-06-13,1 13 20 38 45 55,,N/A
2018-06-09,6 10 14 15 25 36,,N/A
2018-06-06,14 23 28 41 53 56,,N/A
2018-06-02,7 23 25 37 44 64,,N/A
2018-05-30,17 20 23 26 46 68,,N/A
2018-05-26,1 21 21 31 45 49,,N/A
2018-05-23,7 20 54 56 61 64,,N/A
2018-05-19,3 6 9 17 25 56,,N/A
2018-05-16,17 19 19 21 22 51,,N/A
2018-05-12,14 22 42 45 55 56,,N/A
2018-05-09,11 16 19 38 50 69,,N/A
2018-05-05,14 17 29 36 57 61,,N/A
2018-05-02,5 6 14 31 40 50,,N/A
2018-04-28,8 20 22 28 45 50,,N/A
2018-04-25,12 17 18 39 56 64,,N/A
2018-04-21,19 40 50 54 62 69,,N/A
2018-04-18,9 9 10 12 17 23,,N/A
2018-04-14,15 17 19 26 61 62,,N/A
2018-04-11,16 18 18 27 55 67,,N/A
2018-04-07,2 17 20 20 38 39,,N/A
2018-04-04,8 24 24 42 54 64,,N/A
2018-03-31,8 21 24 52 55 61,,N/A
2018-03-28,6 8 21 26 52 53,,N/A
2018-03-24,10 24 33 45 53 56,,N/A
2018-03-21,3 4 18 25 29 61,,N/A
2018-03-17,7 22 57 59 60 66,,N/A
2018-03-14,6 9 12 24 41 68,,N/A
2018-03-10,22 43 44 54 61 69,,N/A
2018-03-07,6 13 18 19 36 51,,N/A
2018-03-03,5 13 17 25 36 40,,N/A
2018-02-28,12 16 30 59 65 69,,N/A
2018-02-24,6 24 25 38 62 63,,N/A
2018-02-21,7 8 15 31 34 36,,N/A
2018-02-17,2 13 26 39 44 62,,N/A
2018-02-14,26 37 39 44 46 69,,N/A
2018-02-10,1 13 20 27 41 59,,N/A
2018-02-07,10 23 34 35 40 47,,N/A
2018-02-03,6 15 23 27 48 53,,N/A
2018-01-31,4 7 14 22 46 59,,N/A
2018-01-27,7 17 21 26 47 54,,N/A
2018-01-24,5 9 11 21 33 64,,N/A
2018-01-20,3 26 28 47 49 58,,N/A
2018-01-17,3 21 33 37 51 57,,N/A
2018-01-13,14 24 25 35 58 69,,N/A
2018-01-10,4 7 24 33 49 50,,N/A
2018-01-06,12 26 29 30 33 61,,N/A
2018-01-03,2 12 18 37 39 42,,N/A
2017-12-30,24 28 36 41 51 58,,N/A
2017-12-27,3 3 9 16 56 60,,N/A
2017-12-23,1 3 13 15 25 44,,N/A
2017-12-20,1 20 20 61 64 69,,N/A
2017-12-16,9 11 35 37 50 63,,N/A
2017-12-13,2 7 24 28 51 58,,N/A
2017-12-09,6 25 36 37 55 60,,N/A
2017-12-06,9 19 20 50 55 62,,N/A
2017-12-02,6 28 30 32 36 58,,N/A
2017-11-29,16 24 26 28 59 63,,N/A
2017-11-25,4 8 13 27 53 54,,N/A
2017-11-22,13 35 37 46 51 61,,N/A
2017-11-18,17 26 28 31 32 39,,N/A
2017-11-15,23 25 32 44 48 50,,N/A
2017-11-11,4 6 16 18 30 56,,N/A
2017-11-08,12 14 20 21 22 34,,N/A
2017-11-04,12 13 14 26 48 51,,N/A
2017-11-01,1 3 6 19 26 44,,N/A
2017-10-28,10 27 35 38 57 66,,N/A
2017-10-25,8 18 22 29 54 57,,N/A
2017-10-21,4 14 41 42 45 69,,N/A
2017-10-18,8 30 49 54 66 69,,N/A
2017-10-14,11 32 37 56 66 69,,N/A
2017-10-11,1 3 13 19 23 69,,N/A
2017-10-07,7 10 49 61 63 65,,N/A
2017-10-04,22 23 24 62 63 66,,N/A
2017-09-30,8 12 15 25 41 64,,N/A
2017-09-27,8 10 21 22 23 25,,N/A
2017-09-23,19 24 45 55 56 57,,N/A
2017-09-20,26 39 48 53 67 68,,N/A
2017-09-16,17 18 24 24 25 31,,N/A
2017-09-13,17 19 24 35 57 63,,N/A
2017-09-09,6 20 22 29 57 59,,N/A
2017-09-06,8 14 17 32 58 67,,N/A
2017-09-02,6 21 26 41 52 62,,N/A
2017-08-30,7 19 28 43 67 69,,N/A
2017-08-26,7 15 15 32 38 66,,N/A
2017-08-23,4 6 7 16 23 26,,N/A
2017-08-19,13 17 19 39 43 68,,N/A
2017-08-16,4 9 15 43 60 64,,N/A
2017-08-12,19 20 24 26 35 49,,N/A
2017-08-09,9 12 30 36 47 62,,N/A
2017-08-05,11 11 21 28 33 45,,N/A
2017-08-02,1 16 18 54 63 69,,N/A
2017-07-29,1 12 28 40 45 48,,N/A
2017-07-26,7 12 19 21 42 69,,N/A
2017-07-22,5 9 32 44 53 60,,N/A
2017-07-19,4 50 51 59 61 63,,N/A
2017-07-15,9 17 40 63 64 66,,N/A
2017-07-12,1 2 9 18 23 61,,N/A
2017-07-08,8 10 26 29 40 59,,N/A
2017-07-05,4 9 16 21 54 68,,N/A
2017-07-01,16 19 42 45 48 53,,N/A
2017-06-28,8 29 37 46 53 68,,N/A
2017-06-24,10 10 22 32 36 58,,N/A
2017-06-21,13 14 46 61 65 68,,N/A
2017-06-17,10 13 21 32 53 62,,N/A
2017-06-14,5 22 24 43 57 63,,N/A
2017-06-07,5 13 21 57 66 69,,N/A
2017-06-03,3 9 21 25 41 54,,N/A
2017-05-31,4 6 33 39 46 60,,N/A
2017-05-27,5 9 10 28 55 67,,N/A
2017-05-24,15 28 32 33 38 62,,N/A
2017-05-20,3 5 22 45 47 54,,N/A
2017-05-17,4 9 11 39 45 48,,N/A
2017-05-13,17 19 20 32 63 68,,N/A
2017-05-10,8 29 31 46 56 62,,N/A
2017-05-06,11 21 21 31 41 59,,N/A
2017-05-03,9 17 18 49 59 66,,N/A
2017-04-29,5 22 23 24 45 62,,N/A
2017-04-26,1 15 18 26 26 51,,N/A
2017-04-22,6 21 39 41 48 63,,N/A
2017-04-19,1 15 19 37 40 52,,N/A
2017-04-15,5 13 22 26 45 61,,N/A
2017-04-12,8 14 24 61 63 68,,N/A
2017-04-08,15 23 36 51 53 60,,N/A
2017-04-05,8 13 20 46 53 54,,N/A
2017-04-01,1 9 32 36 44 65,,N/A
2017-03-29,8 11 15 31 36 62,,N/A
2017-03-25,16 18 31 32 45 48,,N/A
2017-03-22,2 9 9 27 29 42,,N/A
2017-03-18,5 13 25 44 54 67,,N/A
2017-03-15,16 16 30 41 48 53,,N/A
2017-03-11,1 11 26 41 50 57,,N/A
2017-03-08,4 23 33 42 46 59,,N/A
2017-03-04,2 18 19 19 22 63,,N/A
2017-03-01,10 16 17 40 52 55,,N/A
2017-02-25,6 19 32 47 62 65,,N/A
2017-02-22,2 10 13 28 52 61,,N/A
2017-02-18,3 7 9 20 31 33,,N/A
2017-02-15,5 19 28 33 38 42,,N/A
2017-02-11,2 5 9 17 37 64,,N/A
2017-02-08,5 14 20 42 49 66,,N/A
2017-02-04,6 13 16 17 25 52,,N/A
2017-02-01,9 10 43 57 60 64,,N/A
2017-01-28,12 17 20 39 49 69,,N/A
2017-01-25,18 22 28 62 66 68,,N/A
2017-01-21,2 23 25 45 52 67,,N/A
2017-01-18,9 12 40 41 53 58,,N/A
2017-01-14,13 23 55 59 64 69,,N/A
2017-01-11,1 3 13 16 24 43,,N/A
2017-01-07,3 10 12 24 37 63,,N/A
2017-01-04,4 16 17 29 41 42,,N/A
2016-12-31,1 3 9 28 57 67,,N/A
2016-12-28,4 16 23 30 44 58,,N/A
2016-12-24,21 28 38 42 51 52,,N/A
2016-12-21,3 25 33 40 54 68,,N/A
2016-12-17,1 8 10 16 40 48,,N/A
2016-12-14,15 18 26 37 39 66,,N/A
2016-12-10,12 15 21 32 44 66,,N/A
2016-12-07,20 41 48 49 53 64,,N/A
2016-12-03,8 10 22 26 27 33,,N/A
2016-11-30,3 7 14 18 25 45,,N/A
2016-11-26,16 17 19 21 37 44,,N/A
2016-11-23,3 7 32 41 47 61,,N/A
2016-11-19,16 21 24 28 43 61,,N/A
2016-11-16,7 28 41 61 63 65,,N/A
2016-11-12,8 17 20 24 27 52,,N/A
2016-11-09,1 2 25 28 31 54,,N/A
2016-11-05,8 21 31 50 51 69,,N/A
2016-11-02,5 13 18 37 54 61,,N/A
2016-10-29,19 20 21 23 42 48,,N/A
2016-10-26,2 3 16 24 48 56,,N/A
2016-10-22,1 22 28 33 55 56,,N/A
2016-10-19,10 16 23 38 43 63,,N/A
2016-10-15,20 23 49 57 64 67,,N/A
2016-10-12,16 16 30 34 37 44,,N/A
2016-10-08,3 9 54 61 64 68,,N/A
2016-10-05,8 15 18 27 29 60,,N/A
2016-10-01,1 2 12 50 61 64,,N/A
2016-09-28,1 30 38 52 53 62,,N/A
2016-09-24,7 15 20 22 29 41,,N/A
2016-09-21,1 17 28 63 67 69,,N/A
2016-09-17,9 14 19 51 55 62,,N/A
2016-09-14,10 11 14 23 28 31,,N/A
2016-09-10,3 8 17 49 55 68,,N/A
2016-09-07,21 22 23 29 33 55,,N/A
2016-09-03,7 25 39 50 59 67,,N/A
2016-08-31,5 10 12 24 56 61,,N/A
2016-08-27,4 20 32 48 49 63,,N/A
2016-08-24,9 11 16 25 64 65,,N/A
2016-08-20,3 6 21 24 60 68,,N/A
2016-08-17,8 33 44 49 50 52,,N/A
2016-08-13,6 38 44 60 64 69,,N/A
2016-08-10,12 23 56 61 64 67,,N/A
2016-08-06,12 20 33 36 47 52,,N/A
2016-08-03,2 9 11 27 66 67,,N/A
2016-07-30,5 11 17 21 23 32,,N/A
2016-07-27,10 24 47 50 65 68,,N/A
2016-07-23,5 7 11 23 35 39,,N/A
2016-07-20,5 6 25 35 58 66,,N/A
2016-07-16,11 17 26 40 50 62,,N/A
2016-07-13,3 10 15 29 54 57,,N/A
2016-07-09,10 12 28 32 61 64,,N/A
2016-07-06,2 18 24 31 57 66,,N/A
2016-07-02,4 10 34 39 59 63,,N/A
2016-06-29,6 23 29 37 60 64,,N/A
2016-06-25,3 25 27 36 56 69,,N/A
2016-06-22,14 17 40 42 43 52,,N/A
2016-06-18,2 11 23 41 53 63,,N/A
2016-06-15,4 10 22 24 31 33,,N/A
2016-06-11,7 20 27 36 41 58,,N/A
2016-06-08,12 20 25 37 60 69,,N/A
2016-06-04,16 17 20 22 43 64,,N/A
2016-06-01,12 23 30 33 40 69,,N/A
2016-05-28,6 12 33 34 58 59,,N/A
2016-05-25,11 15 24 41 59 64,,N/A
2016-05-21,5 7 9 23 26 32,,N/A
2016-05-18,11 23 25 39 54 67,,N/A
2016-05-14,9 13 27 47 64 65,,N/A
2016-05-11,20 23 32 52 66 69,,N/A
2016-05-07,5 9 25 26 44 66,,N/A
2016-05-04,3 30 47 57 66 69,,N/A
2016-04-30,3 12 14 16 32 34,,N/A
2016-04-27,2 17 25 33 39 64,,N/A
2016-04-23,13 19 35 46 59 62,,N/A
2016-04-20,8 12 25 30 52 62,,N/A
2016-04-16,3 3 18 25 32 51,,N/A
2016-04-13,22 30 33 35 38 64,,N/A
2016-04-09,9 14 22 23 41 61,,N/A
2016-04-06,4 25 28 49 60 65,,N/A
2016-04-02,3 9 28 30 40 61,,N/A
2016-03-30,19 24 44 53 55 63,,N/A
2016-03-26,6 11 23 42 52 68,,N/A
2016-03-23,5 8 15 22 25 49,,N/A
2016-03-19,3 11 23 43 54 60,,N/A
2016-03-16,10 12 13 21 46 50,,N/A
2016-03-12,11 23 28 50 57 62,,N/A
2016-03-09,3 14 23 32 34 68,,N/A
2016-03-05,3 19 27 34 59 69,,N/A
2016-03-02,6 12 13 44 52 62,,N/A
2016-02-27,10 11 18 21 22 53,,N/A
2016-02-24,5 21 31 64 65 67,,N/A
2016-02-20,11 12 15 16 25 54,,N/A
2016-02-17,7 17 25 27 29 40,,N/A
2016-02-13,7 15 18 19 20 36,,N/A
2016-02-10,2 3 5 40 50 62,,N/A
2016-02-06,4 8 13 31 36 52,,N/A
2016-02-03,23 26 28 31 60 67,,N/A
2016-01-30,5 12 16 18 31 43,,N/A
2016-01-27,3 12 21 40 52 67,,N/A
2016-01-23,19 22 32 34 40 69,,N/A
2016-01-20,5 24 39 44 47 69,,N/A
2016-01-16,3 6 51 52 61 64,,N/A
2016-01-13,4 8 10 19 27 34,,N/A
2016-01-09,13 16 19 32 34 57,,N/A
2016-01-06,2 11 17 47 62 63,,N/A
2016-01-02,5 6 10 15 29 42,,N/A
2015-12-30,12 22 36 38 54 61,,N/A
2015-12-26,20 27 40 44 59 65,,N/A
2015-12-23,16 25 38 55 63 67,,N/A
2015-12-19,10 28 30 41 59 68,,N/A
2015-12-16,6 9 10 32 42 55,,N/A
2015-12-12,2 14 19 22 30 62,,N/A
2015-12-09,1 7 10 16 46 56,,N/A
2015-12-05,13 13 27 33 47 68,,N/A
2015-12-02,9 14 18 19 32 64,,N/A
2015-11-28,2 2 6 47 66 67,,N/A
2015-11-25,16 21 29 53 58 69,,N/A
2015-11-21,21 37 47 50 52 57,,N/A
2015-11-18,6 17 40 41 46 69,,N/A
2015-11-14,5 14 22 37 45 66,,N/A
2015-11-11,4 18 26 32 55 64,,N/A
2015-11-07,7 15 16 25 50 53,,N/A
2015-11-04,2 12 17 17 20 65,,N/A
2015-10-31,7 9 20 25 47 68,,N/A
2015-10-28,4 10 54 56 62 63,,N/A
2015-10-24,2 20 31 56 60 64,,N/A
2015-10-21,11 30 32 42 56 57,,N/A
2015-10-17,19 48 49 57 62 69,,N/A
2015-10-14,1 15 20 29 31 40,,N/A
2015-10-10,1 12 27 29 43 68,,N/A
2015-10-07,9 18 30 40 48 52,,N/A
2015-10-03,4 6 26 33 44 46,,N/A
2015-09-30,17 21 39 40 55 59,,N/A
2015-09-26,5 23 31 42 50 57,,N/A
2015-09-23,5 8 29 41 51 58,,N/A
2015-09-19,12 17 24 26 43 48,,N/A
2015-09-16,5 7 7 24 31 39,,N/A
2015-09-12,2 3 13 16 27 35,,N/A
2015-09-09,8 44 45 47 50 51,,N/A
2015-09-05,10 16 18 19 29 45,,N/A
2015-09-02,16 17 22 30 46 56,,N/A
2015-08-29,16 18 21 25 28 29,,N/A
2015-08-26,2 12 22 32 45 56,,N/A
2015-08-22,4 7 12 14 21 55,,N/A
2015-08-19,6 7 8 43 48 50,,N/A
2015-08-15,3 13 17 24 42 52,,N/A
2015-08-12,8 13 28 29 38 52,,N/A
2015-08-08,9 15 34 48 52 54,,N/A
2015-08-05,9 11 14 16 19 42,,N/A
2015-08-01,7 13 15 24 49 57,,N/A
2015-07-29,4 22 27 28 35 52,,N/A
2015-07-25,2 27 29 34 41 44,,N/A
2015-07-22,11 12 31 43 44 57,,N/A
2015-07-18,6 33 37 39 45 55,,N/A
2015-07-15,11 13 16 34 45 50,,N/A
2015-07-11,3 11 39 46 52 54,,N/A
2015-07-08,4 15 18 25 27 30,,N/A
2015-07-04,3 6 14 18 21 24,,N/A
2015-07-01,7 24 25 26 31 41,,N/A
2015-06-27,18 27 28 35 46 49,,N/A
2015-06-24,3 5 7 10 22 32,,N/A
2015-06-20,9 10 15 16 20 57,,N/A
2015-06-17,7 20 21 22 41 54,,N/A
2015-06-13,29 29 41 48 52 54,,N/A
2015-06-10,25 31 32 48 49 53,,N/A
2015-06-06,8 13 15 18 27 43,,N/A
2015-06-03,6 8 11 13 37 40,,N/A
2015-05-30,8 9 22 25 56 57,,N/A
2015-05-27,8 15 23 34 53 59,,N/A
2015-05-23,9 15 16 17 31 43,,N/A
2015-05-20,1 12 25 28 35 44,,N/A
2015-05-16,24 29 32 38 48 52,,N/A
2015-05-13,1 7 25 29 31 47,,N/A
2015-05-09,4 15 17 17 35 58,,N/A
2015-05-06,23 24 27 30 39 41,,N/A
2015-05-02,2 6 11 30 31 33,,N/A
2015-04-29,1 6 26 34 38 51,,N/A
2015-04-25,12 21 33 35 38 45,,N/A
2015-04-22,10 14 18 25 39 53,,N/A
2015-04-18,13 17 22 23 29 31,,N/A
2015-04-15,1 16 21 29 30 40,,N/A
2015-04-11,1 12 12 32 42 58,,N/A
2015-04-08,1 19 29 45 46 58,,N/A
2015-04-04,28 33 39 40 41 54,,N/A
2015-04-01,1 2 30 33 39 44,,N/A
2015-03-28,2 4 6 12 17 38,,N/A
2015-03-25,7 14 19 23 50 54,,N/A
2015-03-21,7 11 16 30 38 42,,N/A
2015-03-18,8 14 25 30 33 47,,N/A
2015-03-14,8 14 18 39 46 47,,N/A
2015-03-11,11 24 27 31 40 44,,N/A
2015-03-07,33 34 36 38 42 50,,N/A
2015-03-04,8 12 15 32 35 50,,N/A
2015-02-28,11 12 17 25 28 46,,N/A
2015-02-25,8 17 19 21 32 39,,N/A
2015-02-21,10 14 18 26 34 51,,N/A
2015-02-18,1 9 22 29 32 49,,N/A
2015-02-14,1 24 28 44 45 51,,N/A
2015-02-11,11 13 19 25 39 54,,N/A
2015-02-07,5 10 21 33 34 58,,N/A
2015-02-04,22 24 36 51 52 56,,N/A
2015-01-31,5 11 16 26 34 50,,N/A
2015-01-28,1 12 24 35 36 49,,N/A
2015-01-24,10 16 19 20 29 33,,N/A
2015-01-21,11 12 15 23 28 57,,N/A
2015-01-17,9 15 16 23 27 36,,N/A
2015-01-14,2 4 10 22 41 53,,N/A
2015-01-10,2 9 19 19 28 29,,N/A
2015-01-07,10 14 15 47 49 59,,N/A
2015-01-03,4 18 25 43 46 55,,N/A
2014-12-31,17 27 35 37 40 53,,N/A
2014-12-27,7 10 11 14 15 36,,N/A
2014-12-24,11 12 22 46 47 50,,N/A
2014-12-20,5 14 15 19 31 56,,N/A
2014-12-17,15 22 31 38 47 48,,N/A
2014-12-13,5 13 28 33 43 55,,N/A
2014-12-10,10 34 44 48 54 55,,N/A
2014-12-06,12 14 15 22 43 49,,N/A
2014-12-03,25 26 30 32 46 54,,N/A
2014-11-29,13 24 27 30 42 48,,N/A
2014-11-26,16 17 22 35 46 54,,N/A
2014-11-22,23 35 49 53 54 57,,N/A
2014-11-19,6 17 36 38 48 51,,N/A
2014-11-15,13 16 28 33 35 51,,N/A
2014-11-12,11 37 39 51 52 55,,N/A
2014-11-08,9 15 19 33 38 54,,N/A
2014-11-05,2 11 19 21 34 42,,N/A
2014-11-01,1 3 13 17 25 38,,N/A
2014-10-29,16 25 28 48 57 59,,N/A
2014-10-25,6 10 12 51 54 57,,N/A
2014-10-22,16 29 30 40 42 50,,N/A
2014-10-18,19 20 26 27 36 54,,N/A
2014-10-15,5 7 19 20 27 28,,N/A
2014-10-11,10 19 28 37 38 39,,N/A
2014-10-08,5 16 18 31 46 50,,N/A
2014-10-04,13 18 24 25 31 33,,N/A
2014-10-01,1 4 7 18 20 45,,N/A
2014-09-27,2 11 13 35 52 54,,N/A
2014-09-24,7 14 21 24 26 41,,N/A
2014-09-20,16 22 23 30 37 39,,N/A
2014-09-17,18 23 25 36 48 50,,N/A
2014-09-13,1 6 16 27 37 53,,N/A
2014-09-10,2 13 14 39 40 43,,N/A
2014-09-06,9 18 29 31 43 50,,N/A
2014-09-03,2 16 35 43 45 51,,N/A
2014-08-30,5 27 28 31 52 59,,N/A
2014-08-27,17 19 24 26 45 46,,N/A
2014-08-23,28 31 32 35 36 52,,N/A
2014-08-20,3 4 8 21 38 40,,N/A
2014-08-16,7 8 9 17 48 59,,N/A
2014-08-13,8 24 37 39 40 52,,N/A
2014-08-09,3 12 24 31 34 51,,N/A
2014-08-06,1 8 24 24 28 49,,N/A
2014-08-02,12 26 29 44 46 47,,N/A
2014-07-30,13 29 30 42 49 53,,N/A
2014-07-26,16 24 28 30 38 39,,N/A
2014-07-23,3 4 10 12 22 31,,N/A
2014-07-19,9 10 17 25 45 53,,N/A
2014-07-16,5 15 18 26 32 35,,N/A
2014-07-12,2 3 7 23 26 51,,N/A
2014-07-09,9 14 25 42 55 57,,N/A
2014-07-05,11 24 34 36 57 58,,N/A
2014-07-02,8 18 35 45 53 58,,N/A
2014-06-25,10 20 25 35 50 53,,N/A
2014-06-21,5 6 26 37 41 54,,N/A
2014-06-18,6 7 9 29 52 59,,N/A
2014-06-14,9 30 33 42 45 54,,N/A
2014-06-11,14 18 23 25 33 49,,N/A
2014-06-07,15 28 30 35 58 59,,N/A
2014-06-04,1 7 10 22 24 49,,N/A
2014-05-31,1 15 27 31 34 48,,N/A
2014-05-28,2 24 25 28 32 59,,N/A
2014-05-24,15 16 18 28 49 55,,N/A
2014-05-21,4 20 31 34 39 58,,N/A
2014-05-17,22 23 32 39 47 49,,N/A
2014-05-14,7 33 33 39 52 55,,N/A
2014-05-10,1 4 31 41 47 55,,N/A
2014-05-07,17 29 31 34 48 49,,N/A
2014-05-03,5 15 16 26 46 49,,N/A
2014-04-30,2 9 11 19 32 50,,N/A
2014-04-26,3 7 20 22 30 33,,N/A
2014-04-23,12 19 25 29 36 48,,N/A
2014-04-19,5 6 21 29 35 51,,N/A
2014-04-16,8 34 39 42 44 59,,N/A
2014-04-12,14 20 26 45 54 55,,N/A
2014-04-09,9 14 29 44 48 49,,N/A
2014-04-05,11 21 26 29 33 34,,N/A
2014-04-02,8 13 19 22 24 53,,N/A
2014-03-29,2 3 12 17 27 38,,N/A
2014-03-26,21 28 33 41 44 59,,N/A
2014-03-22,13 15 28 31 55 58,,N/A
2014-03-19,2 14 19 23 34 43,,N/A
2014-03-15,2 5 9 34 51 58,,N/A
2014-03-12,10 14 15 28 37 54,,N/A
2014-03-08,10 14 24 30 32 41,,N/A
2014-03-05,3 7 9 19 26 54,,N/A
2014-03-01,3 8 13 25 30 47,,N/A
2014-02-26,2 11 12 17 38 42,,N/A
2014-02-22,2 3 4 13 14 54,,N/A
2014-02-19,1 17 34 35 49 54,,N/A
2014-02-15,2 3 9 14 21 23,,N/A
2014-02-12,1 36 44 49 52 57,,N/A
2014-02-08,24 25 29 34 37 54,,N/A
2014-02-05,8 17 24 32 57 59,,N/A
2014-02-01,5 7 12 15 27 38,,N/A
2014-01-29,11 20 23 28 32 47,,N/A
2014-01-25,2 8 12 18 55 57,,N/A
2014-01-22,1 2 7 9 29 55,,N/A
2014-01-18,13 14 19 25 31 38,,N/A
2014-01-15,7 8 9 24 25 29,,N/A
2014-01-11,10 15 33 34 48 54,,N/A
2014-01-08,10 22 28 39 47 58,,N/A
2014-01-04,14 19 20 37 41 58,,N/A
2014-01-01,15 23 24 40 48 52,,N/A
2013-12-28,8 18 35 44 51 56,,N/A
2013-12-25,23 28 32 38 39 56,,N/A
2013-12-21,8 25 36 40 45 51,,N/A
2013-12-18,1 7 24 37 39 40,,N/A
2013-12-14,14 25 32 33 34 41,,N/A
2013-12-11,1 10 13 18 19 27,,N/A
2013-12-07,13 17 20 32 45 48,,N/A
2013-12-04,6 9 11 25 31 44,,N/A
2013-11-30,5 26 29 44 45 57,,N/A
2013-11-27,17 18 25 50 55 57,,N/A
2013-11-23,5 10 12 43 52 55,,N/A
2013-11-20,4 7 18 23 32 45,,N/A
2013-11-16,10 10 29 37 44 59,,N/A
2013-11-13,5 9 31 50 55 56,,N/A
2013-11-09,3 9 32 37 49 56,,N/A
2013-11-06,1 5 10 15 22 49,,N/A
2013-11-02,13 17 23 24 27 40,,N/A
2013-10-30,2 10 36 40 49 54,,N/A
2013-10-26,4 6 29 34 49 56,,N/A
2013-10-23,3 13 23 31 34 47,,N/A
2013-10-19,5 9 33 54 56 57,,N/A
2013-10-16,3 26 28 28 34 42,,N/A
2013-10-12,4 8 10 26 57 58,,N/A
2013-10-09,3 9 18 19 33 38,,N/A
2013-10-05,5 11 12 17 39 40,,N/A
2013-10-02,4 6 17 25 42 51,,N/A
2013-09-28,5 14 47 52 53 54,,N/A
2013-09-25,2 7 17 23 49 53,,N/A
2013-09-21,12 13 17 45 54 58,,N/A
2013-09-18,7 10 19 22 32 35,,N/A
2013-09-14,1 17 20 25 37 44,,N/A
2013-09-11,11 19 33 33 42 52,,N/A
2013-09-07,2 19 22 24 26 45,,N/A
2013-09-04,2 9 11 26 45 47,,N/A
2013-08-31,2 7 20 25 40 56,,N/A
2013-08-28,6 7 9 13 19 32,,N/A
2013-08-24,12 17 19 25 45 59,,N/A
2013-08-21,23 30 40 42 46 48,,N/A
2013-08-17,18 21 23 46 54 56,,N/A
2013-08-14,4 11 17 20 43 51,,N/A
2013-08-10,4 12 13 14 37 58,,N/A
2013-08-07,5 25 30 32 58 59,,N/A
2013-08-03,15 21 24 36 42 45,,N/A
2013-07-31,5 8 24 39 49 59,,N/A
2013-07-27,6 9 23 40 53 58,,N/A
2013-07-24,7 9 29 40 44 54,,N/A
2013-07-20,6 14 25 27 38 58,,N/A
2013-07-17,1 17 22 34 38 42,,N/A
2013-07-13,2 6 8 22 35 37,,N/A
2013-07-10,27 30 31 45 55 59,,N/A
2013-07-06,2 11 13 35 36 52,,N/A
2013-07-03,3 4 6 29 40 51,,N/A
2013-06-29,8 16 28 30 53 56,,N/A
2013-06-26,1 18 33 33 39 46,,N/A
2013-06-22,13 19 23 28 33 57,,N/A
2013-06-19,7 17 46 47 52 57,,N/A
2013-06-15,1 28 36 40 48 55,,N/A
2013-06-12,16 22 23 32 42 55,,N/A
2013-06-08,2 11 19 22 26 32,,N/A
2013-06-05,4 26 32 33 36 55,,N/A
2013-06-01,14 22 28 33 53 59,,N/A
2013-05-29,2 9 14 17 49 57,,N/A
2013-05-25,2 6 19 21 25 27,,N/A
2013-05-22,9 26 31 35 41 57,,N/A
2013-05-18,10 11 13 14 22 52,,N/A
2013-05-15,2 11 26 32 34 41,,N/A
2013-05-11,6 13 16 19 23 43,,N/A
2013-05-08,21 22 26 27 30 57,,N/A
2013-05-04,7 12 17 26 36 40,,N/A
2013-05-01,18 22 26 31 54 55,,N/A
2013-04-27,3 5 23 48 54 55,,N/A
2013-04-24,2 9 19 31 56 59,,N/A
2013-04-20,6 8 20 30 39 48,,N/A
2013-04-17,13 18 28 36 48 58,,N/A
2013-04-13,10 12 31 33 56 57,,N/A
2013-04-10,1 20 36 40 52 53,,N/A
2013-04-06,4 7 8 24 29 39,,N/A
2013-04-03,1 3 6 8 12 35,,N/A
2013-03-30,11 23 26 27 46 55,,N/A
2013-03-27,7 16 37 43 48 52,,N/A
2013-03-23,17 29 31 31 52 53,,N/A
2013-03-20,13 14 15 17 43 54,,N/A
2013-03-16,3 7 16 21 44 53,,N/A
2013-03-13,5 9 28 29 32 38,,N/A
2013-03-09,10 12 37 40 46 52,,N/A
2013-03-06,1 6 10 23 41 45,,N/A
2013-03-02,3 8 13 16 41 56,,N/A
2013-02-27,3 14 20 21 34 48,,N/A
2013-02-23,2 5 29 31 39 41,,N/A
2013-02-20,3 17 17 19 25 32,,N/A
2013-02-16,15 16 29 46 50 58,,N/A
2013-02-13,12 23 25 27 29 43,,N/A
2013-02-09,3 5 6 16 36 58,,N/A
2013-02-06,5 12 27 36 38 41,,N/A
2013-02-02,11 16 33 34 40 41,,N/A
2013-01-30,14 16 16 32 47 52,,N/A
2013-01-26,3 18 22 26 41 49,,N/A
2013-01-23,9 11 12 24 43 45,,N/A
2013-01-19,8 28 29 34 35 38,,N/A
2013-01-16,9 21 28 32 35 51,,N/A
2013-01-12,7 10 14 21 23 47,,N/A
2013-01-09,11 13 20 26 27 59,,N/A
2013-01-05,25 26 30 49 51 54,,N/A
2013-01-02,18 20 20 28 35 53,,N/A
2012-12-29,14 36 46 50 52 55,,N/A
2012-12-26,4 11 13 23 43 54,,N/A
2012-12-22,1 11 18 35 39 44,,N/A
2012-12-19,3 5 8 20 23 30,,N/A
2012-12-15,14 15 23 40 44 55,,N/A
2012-12-12,8 10 25 28 36 44,,N/A
2012-12-08,7 21 23 26 40 53,,N/A
2012-12-05,12 13 17 19 27 38,,N/A
2012-12-01,3 3 10 19 36 46,,N/A
2012-11-28,5 6 16 22 23 29,,N/A
2012-11-24,22 32 34 37 44 50,,N/A
2012-11-21,8 18 24 26 30 39,,N/A
2012-11-17,3 15 20 27 58 59,,N/A
2012-11-14,8 10 13 30 44 58,,N/A
2012-11-10,32 32 42 50 54 55,,N/A
2012-11-07,20 32 34 45 52 58,,N/A
2012-11-03,4 7 9 25 30 54,,N/A
2012-10-31,1 5 27 31 45 48,,N/A
2012-10-27,22 32 33 34 36 56,,N/A
2012-10-24,3 4 18 21 23 50,,N/A
2012-10-20,4 10 21 28 31 44,,N/A
2012-10-17,1 7 10 23 35 42,,N/A
2012-10-13,2 5 18 25 26 49,,N/A
2012-10-10,18 26 28 29 35 43,,N/A
2012-10-06,15 26 34 35 36 59,,N/A
2012-10-03,10 17 23 36 55 59,,N/A
2012-09-29,8 14 18 28 29 57,,N/A
2012-09-26,10 13 26 39 41 42,,N/A
2012-09-22,2 16 18 33 40 42,,N/A
2012-09-19,1 5 8 23 39 50,,N/A
2012-09-15,1 3 20 26 43 48,,N/A
2012-09-12,6 24 33 36 48 56,,N/A
2012-09-08,6 20 29 34 44 48,,N/A
2012-09-05,4 19 26 29 42 51,,N/A
2012-09-01,8 11 21 22 44 49,,N/A
2012-08-29,25 28 28 49 54 56,,N/A
2012-08-25,1 6 7 20 23 49,,N/A
2012-08-22,19 22 29 31 47 55,,N/A
2012-08-18,1 14 26 41 55 59,,N/A
2012-08-15,6 21 27 46 51 56,,N/A
2012-08-11,1 4 13 39 46 51,,N/A
2012-08-08,3 7 11 12 15 28,,N/A
2012-08-04,18 19 30 48 53 55,,N/A
2012-08-01,3 4 16 48 56 58,,N/A
2012-07-28,5 6 13 13 36 50,,N/A
2012-07-25,3 14 16 35 38 46,,N/A
2012-07-21,9 20 31 38 54 56,,N/A
2012-07-18,2 3 5 20 23 57,,N/A
2012-07-14,4 13 16 32 37 46,,N/A
2012-07-11,5 22 23 36 49 55,,N/A
2012-07-07,3 5 29 29 39 59,,N/A
2012-07-04,14 19 33 35 39 56,,N/A
2012-06-30,7 15 20 22 41 44,,N/A
2012-06-27,6 6 34 40 46 58,,N/A
2012-06-23,1 3 30 41 44 53,,N/A
2012-06-20,11 14 17 29 56 57,,N/A
2012-06-16,8 14 15 16 26 27,,N/A
2012-06-13,7 10 14 18 33 57,,N/A
2012-06-09,18 22 27 45 56 57,,N/A
2012-06-06,19 27 30 33 48 59,,N/A
2012-06-02,9 10 17 29 33 45,,N/A
2012-05-30,9 10 14 24 52 56,,N/A
2012-05-26,13 14 14 41 49 59,,N/A
2012-05-23,4 7 26 32 53 59,,N/A
2012-05-19,8 13 30 35 46 51,,N/A
2012-05-16,2 3 7 21 28 43,,N/A
2012-05-12,10 22 24 35 53 58,,N/A
2012-05-09,1 1 7 11 55 56,,N/A
2012-05-05,9 12 20 23 44 59,,N/A
2012-05-02,7 8 29 33 38 50,,N/A
2012-04-28,31 33 39 40 57 58,,N/A
2012-04-25,4 25 29 29 34 43,,N/A
2012-04-21,6 8 16 20 42 51,,N/A
2012-04-18,20 22 29 39 46 49,,N/A
2012-04-14,2 14 15 16 19 24,,N/A
2012-04-11,2 16 23 42 44 47,,N/A
2012-04-07,5 13 17 18 20 30,,N/A
2012-04-04,1 6 24 33 45 49,,N/A
2012-03-31,5 14 27 36 54 58,,N/A
2012-03-28,11 16 29 33 50 58,,N/A
2012-03-24,1 8 15 35 37 47,,N/A
2012-03-21,6 32 43 53 55 56,,N/A
2012-03-17,11 14 30 49 55 58,,N/A
2012-03-14,1 8 24 41 46 59,,N/A
2012-03-10,5 5 14 17 20 41,,N/A
2012-03-07,12 12 35 45 46 47,,N/A
2012-03-03,29 30 35 45 47 49,,N/A
2012-02-29,1 4 11 14 23 26,,N/A
2012-02-25,6 7 11 42 53 54,,N/A
2012-02-22,7 16 17 32 39 51,,N/A
2012-02-18,5 23 28 50 56 59,,N/A
2012-02-15,11 11 12 32 52 56,,N/A
2012-02-11,1 10 11 37 52 57,,N/A
2012-02-08,17 28 33 38 39 51,,N/A
2012-02-04,7 15 23 43 45 56,,N/A
2012-02-01,8 13 17 34 35 59,,N/A
2012-01-28,5 13 33 41 54 59,,N/A
2012-01-25,4 5 19 28 29 47,,N/A
2012-01-21,7 12 24 43 44 45,,N/A
2012-01-18,6 28 29 34 44 50,,N/A
2012-01-14,1 10 30 36 38 41,,N/A
2012-01-11,5 19 25 29 45 47,,N/A
2012-01-07,3 21 24 24 38 39,,N/A
2012-01-04,2 21 35 46 47 50,,N/A
2011-12-31,5 23 25 28 34 40,,N/A
2011-12-28,14 16 21 27 41 45,,N/A
2011-12-24,14 16 19 30 51 52,,N/A
2011-12-21,10 13 15 18 31 54,,N/A
2011-12-17,13 28 33 49 51 59,,N/A
2011-12-14,2 19 24 46 52 56,,N/A
2011-12-10,4 9 19 33 41 59,,N/A
2011-12-07,3 14 20 37 39 40,,N/A
2011-12-03,5 8 18 33 43 45,,N/A
2011-11-30,2 6 22 34 35 47,,N/A
2011-11-26,20 28 37 39 45 55,,N/A
2011-11-23,4 25 30 35 57 59,,N/A
2011-11-19,9 11 16 17 28 30,,N/A
2011-11-16,13 22 25 28 39 51,,N/A
2011-11-12,4 8 35 36 51 56,,N/A
2011-11-09,5 12 35 57 58 59,,N/A
2011-11-05,2 26 33 39 40 43,,N/A
2011-11-02,12 14 34 36 39 46,,N/A
2011-10-29,11 16 38 40 51 56,,N/A
2011-10-26,1 6 18 21 39 55,,N/A
2011-10-22,3 8 13 23 30 58,,N/A
2011-10-19,2 16 26 35 52 58,,N/A
2011-10-15,1 5 10 24 38 43,,N/A
2011-10-12,10 12 18 23 43 47,,N/A
2011-10-08,3 27 31 35 37 45,,N/A
2011-10-05,7 17 20 43 46 54,,N/A
2011-10-01,1 12 23 27 31 43,,N/A
2011-09-28,8 30 41 50 51 53,,N/A
2011-09-24,3 4 12 26 27 44,,N/A
2011-09-21,12 13 47 48 52 55,,N/A
2011-09-17,6 11 20 22 32 43,,N/A
2011-09-14,5 16 41 42 50 59,,N/A
2011-09-10,4 19 22 24 32 53,,N/A
2011-09-07,3 5 13 18 27 54,,N/A
2011-09-03,2 15 25 52 53 54,,N/A
2011-08-31,13 19 29 35 47 57,,N/A
2011-08-27,2 12 14 25 54 58,,N/A
2011-08-24,9 13 39 47 49 53,,N/A
2011-08-20,2 17 23 28 36 47,,N/A
2011-08-17,18 28 31 37 48 52,,N/A
2011-08-13,4 9 12 35 50 58,,N/A
2011-08-10,11 18 36 38 41 46,,N/A
2011-08-06,6 25 30 54 57 59,,N/A
2011-08-03,11 13 19 21 28 49,,N/A
2011-07-30,19 20 40 41 47 55,,N/A
2011-07-27,33 38 40 41 51 59,,N/A
2011-07-23,1 7 27 30 38 48,,N/A
2011-07-20,1 4 17 38 40 42,,N/A
2011-07-16,24 25 28 48 50 54,,N/A
2011-07-13,8 8 18 19 32 54,,N/A
2011-07-09,1 6 9 11 23 31,,N/A
2011-07-06,8 11 15 24 50 55,,N/A
2011-07-02,1 11 18 29 32 51,,N/A
2011-06-29,24 26 30 45 57 59,,N/A
2011-06-25,12 18 36 39 41 57,,N/A
2011-06-22,12 12 15 19 46 59,,N/A
2011-06-18,12 18 21 22 38 41,,N/A
2011-06-15,19 20 29 38 41 43,,N/A
2011-06-11,8 16 18 27 36 50,,N/A
2011-06-08,14 29 37 44 45 53,,N/A
2011-06-04,17 19 21 39 41 58,,N/A
2011-06-01,8 18 31 38 46 56,,N/A
2011-05-28,11 12 20 43 51 55,,N/A
2011-05-25,4 23 23 31 42 50,,N/A
2011-05-21,2 8 36 40 49 50,,N/A
2011-05-18,7 12 13 16 42 49,,N/A
2011-05-14,8 16 17 18 40 44,,N/A
2011-05-11,9 17 31 32 43 45,,N/A
2011-05-07,2 11 15 27 47 55,,N/A
2011-05-04,3 15 24 27 29 41,,N/A
2011-04-30,3 6 13 15 32 41,,N/A
2011-04-27,4 5 24 40 44 55,,N/A
2011-04-23,3 11 19 47 48 58,,N/A
2011-04-20,9 24 27 34 36 43,,N/A
2011-04-16,7 21 33 44 45 55,,N/A
2011-04-13,4 23 39 39 49 50,,N/A
2011-04-09,5 11 14 32 53 56,,N/A
2011-04-06,10 15 18 41 55 56,,N/A
2011-04-02,6 22 23 34 43 45,,N/A
2011-03-30,19 20 37 42 56 58,,N/A
2011-03-26,4 10 11 19 27 33,,N/A
2011-03-23,5 9 15 26 28 32,,N/A
2011-03-19,3 8 11 20 27 46,,N/A
2011-03-16,9 28 39 40 48 53,,N/A
2011-03-12,1 3 4 12 41 47,,N/A
2011-03-09,8 12 20 28 40 48,,N/A
2011-03-05,2 21 23 31 42 48,,N/A
2011-03-02,6 7 31 50 51 58,,N/A
2011-02-26,4 10 13 17 21 45,,N/A
2011-02-23,29 29 32 36 39 49,,N/A
2011-02-19,3 12 34 36 37 42,,N/A
2011-02-16,9 13 21 23 24 48,,N/A
2011-02-12,11 19 32 36 48 52,,N/A
2011-02-09,7 11 30 39 42 51,,N/A
2011-02-05,5 15 37 41 56 59,,N/A
2011-02-02,3 14 33 36 53 57,,N/A
2011-01-29,2 24 28 45 49 52,,N/A
2011-01-26,4 5 6 36 47 58,,N/A
2011-01-22,23 30 31 34 45 51,,N/A
2011-01-19,22 32 36 51 56 59,,N/A
2011-01-15,9 13 22 23 31 37,,N/A
2011-01-12,19 21 23 27 40 48,,N/A
2011-01-08,6 7 24 26 33 52,,N/A
2011-01-05,7 22 26 32 38 40,,N/A
2011-01-01,18 22 36 37 47 54,,N/A
2010-12-29,3 16 18 20 30 37,,N/A
2010-12-25,1 17 24 38 50 52,,N/A
2010-12-22,11 12 33 44 46 47,,N/A
2010-12-18,4 11 14 19 33 43,,N/A
2010-12-15,10 11 18 18 32 45,,N/A
2010-12-11,1 8 10 19 20 23,,N/A
2010-12-08,8 11 16 25 41 58,,N/A
2010-12-04,13 22 24 27 31 42,,N/A
2010-12-01,2 5 10 11 12 20,,N/A
2010-11-27,10 30 37 39 47 54,,N/A
2010-11-24,4 8 20 21 32 37,,N/A
2010-11-20,1 10 12 38 53 57,,N/A
2010-11-17,5 14 16 53 54 59,,N/A
2010-11-13,17 29 30 48 51 54,,N/A
2010-11-10,5 8 10 11 40 44,,N/A
2010-11-06,7 12 23 33 34 38,,N/A
2010-11-03,33 34 38 39 45 50,,N/A
2010-10-30,1 7 27 36 39 49,,N/A
2010-10-27,15 20 24 25 53 59,,N/A
2010-10-23,2 7 16 20 34 46,,N/A
2010-10-20,7 17 17 20 39 59,,N/A
2010-10-16,11 11 12 15 16 28,,N/A
2010-10-13,2 12 22 32 34 46,,N/A
2010-10-09,2 6 32 35 42 49,,N/A
2010-10-06,14 24 26 37 41 46,,N/A
2010-10-02,12 20 25 30 36 47,,N/A
2010-09-29,13 30 44 51 52 55,,N/A
2010-09-25,8 16 27 30 35 42,,N/A
2010-09-22,10 15 24 36 52 55,,N/A
2010-09-18,1 13 18 37 39 44,,N/A
2010-09-15,7 20 21 34 34 43,,N/A
2010-09-11,7 17 20 33 36 59,,N/A
2010-09-08,10 20 35 39 51 57,,N/A
2010-09-04,11 14 22 33 38 42,,N/A
2010-09-01,17 19 20 21 40 51,,N/A
2010-08-28,4 13 22 27 32 56,,N/A
2010-08-25,16 17 23 29 31 36,,N/A
2010-08-21,7 10 12 22 26 27,,N/A
2010-08-18,4 32 33 39 47 55,,N/A
2010-08-14,9 31 33 36 50 58,,N/A
2010-08-11,7 10 22 23 29 52,,N/A
2010-08-07,4 22 26 30 31 52,,N/A
2010-08-04,19 28 30 36 37 53,,N/A
2010-07-31,1 15 16 17 41 57,,N/A
2010-07-28,1 2 11 20 25 27,,N/A
2010-07-24,20 27 30 38 46 59,,N/A
2010-07-21,16 22 25 30 51 58,,N/A
2010-07-17,3 22 27 35 37 45,,N/A
2010-07-14,6 20 21 23 38 42,,N/A
2010-07-10,4 20 21 27 28 56,,N/A
2010-07-07,4 10 41 44 48 56,,N/A
2010-07-03,3 3 10 14 52 53,,N/A
2010-06-30,6 27 38 43 47 48,,N/A
2010-06-26,13 25 30 32 38 57,,N/A
2010-06-23,10 11 30 45 47 48,,N/A
2010-06-19,9 30 31 39 50 54,,N/A
2010-06-16,6 8 11 18 29 36,,N/A
2010-06-12,9 12 13 30 35 38,,N/A
2010-06-09,5 14 22 27 32 49,,N/A
2010-06-05,18 25 34 40 48 59,,N/A
2010-06-02,4 9 14 38 39 43,,N/A
2010-05-29,1 3 10 24 28 41,,N/A
2010-05-26,1 6 10 13 20 32,,N/A
2010-05-22,19 20 29 40 47 57,,N/A
2010-05-19,2 7 27 29 55 58,,N/A
2010-05-15,15 20 21 23 28 36,,N/A
2010-05-12,37 38 51 52 53 58,,N/A
2010-05-08,5 22 31 34 41 57,,N/A
2010-05-05,11 13 34 40 47 57,,N/A
2010-05-01,16 20 23 25 49 58,,N/A
2010-04-28,12 22 24 25 28 44,,N/A
2010-04-24,1 5 12 53 56 57,,N/A
2010-04-21,11 20 34 41 49 55,,N/A
2010-04-17,5 15 21 22 41 49,,N/A
2010-04-14,6 14 20 32 38 52,,N/A
2010-04-10,21 22 34 49 52 58,,N/A
2010-04-07,4 33 36 40 44 52,,N/A
2010-04-03,4 10 15 31 52 59,,N/A
2010-03-31,5 12 13 17 45 54,,N/A
2010-03-27,7 10 21 32 44 52,,N/A
2010-03-24,7 14 20 24 39 49,,N/A
2010-03-20,9 9 36 39 44 45,,N/A
2010-03-17,8 24 26 45 48 55,,N/A
2010-03-13,6 8 16 20 31 36,,N/A
2010-03-10,1 17 21 37 41 50,,N/A
2010-03-06,10 15 29 33 41 59,,N/A
2010-03-03,7 9 14 23 45 49,,N/A
2010-02-27,18 30 47 51 53 58,,N/A
2010-02-24,4 12 17 35 50 57,,N/A
2010-02-20,13 27 32 37 41 54,,N/A
2010-02-17,7 8 15 19 26 36,,N/A
2010-02-13,1 10 14 30 40 51,,N/A
2010-02-10,5 8 29 34 37 38,,N/A
2010-02-06,4 14 22 52 54 59,,N/A
2010-02-03,17 22 24 36 37 52,,N/A
